location,name,freq,weighting,direction,n_stocks,n_stocks_min,date,ret
usa,market_equity,monthly,vw,-1,358,131,1926-01-31,0.0291258479050949
usa,market_equity,monthly,vw,-1,362,133,1926-02-28,-0.0374399615228538
usa,market_equity,monthly,vw,-1,368,135,1926-03-31,-0.0559145357305443
usa,market_equity,monthly,vw,-1,369,136,1926-04-30,0.00494125655396531
usa,market_equity,monthly,vw,-1,373,137,1926-05-31,-0.00711708870156897
usa,market_equity,monthly,vw,-1,375,138,1926-06-30,-0.00212763950417186
usa,market_equity,monthly,vw,-1,368,135,1926-07-31,-0.0273682644771928
usa,market_equity,monthly,vw,-1,373,137,1926-08-31,0.000435256823969939
usa,market_equity,monthly,vw,-1,382,140,1926-09-30,-0.0161230346848993
usa,market_equity,monthly,vw,-1,380,138,1926-10-31,-0.00871305040319376
usa,market_equity,monthly,vw,-1,383,140,1926-11-30,-0.00726301820818981
usa,market_equity,monthly,vw,-1,386,141,1926-12-31,-0.00316919299246088
usa,market_equity,monthly,vw,-1,388,143,1927-01-31,0.0139247550016226
usa,market_equity,monthly,vw,-1,391,143,1927-02-28,0.0193518126246959
usa,market_equity,monthly,vw,-1,391,143,1927-03-31,-0.0334541208908593
usa,market_equity,monthly,vw,-1,394,144,1927-04-30,-0.00582656019753674
usa,market_equity,monthly,vw,-1,395,144,1927-05-31,0.00823332106386299
usa,market_equity,monthly,vw,-1,399,146,1927-06-30,0.00492299183527259
usa,market_equity,monthly,vw,-1,401,147,1927-07-31,-0.0341510191846528
usa,market_equity,monthly,vw,-1,400,146,1927-08-31,-0.0270274252268572
usa,market_equity,monthly,vw,-1,405,148,1927-09-30,-0.0286999896237319
usa,market_equity,monthly,vw,-1,415,152,1927-10-31,0.00691137171082601
usa,market_equity,monthly,vw,-1,418,153,1927-11-30,0.0244167322225713
usa,market_equity,monthly,vw,-1,419,153,1927-12-31,0.0111819489157329
usa,market_equity,monthly,vw,-1,423,154,1928-01-31,0.0361347139472932
usa,market_equity,monthly,vw,-1,423,154,1928-02-29,-0.0130913216836729
usa,market_equity,monthly,vw,-1,422,154,1928-03-31,-0.0183243326275023
usa,market_equity,monthly,vw,-1,421,154,1928-04-30,0.0514858017428798
usa,market_equity,monthly,vw,-1,424,155,1928-05-31,0.0177819207802144
usa,market_equity,monthly,vw,-1,424,155,1928-06-30,-0.0353890786837189
usa,market_equity,monthly,vw,-1,424,155,1928-07-31,-0.0168024124983105
usa,market_equity,monthly,vw,-1,430,157,1928-08-31,-0.0249454869736045
usa,market_equity,monthly,vw,-1,433,158,1928-09-30,0.0219224691164527
usa,market_equity,monthly,vw,-1,437,160,1928-10-31,0.00436992937445137
usa,market_equity,monthly,vw,-1,440,161,1928-11-30,-0.0226294592275889
usa,market_equity,monthly,vw,-1,443,162,1928-12-31,-0.0253372622928329
usa,market_equity,monthly,vw,-1,446,163,1929-01-31,-0.0407228386463314
usa,market_equity,monthly,vw,-1,449,164,1929-02-28,0.00279124619305919
usa,market_equity,monthly,vw,-1,452,166,1929-03-31,-0.0416588192985845
usa,market_equity,monthly,vw,-1,457,167,1929-04-30,-0.0064320839854024
usa,market_equity,monthly,vw,-1,469,171,1929-05-31,-0.0581392065232301
usa,market_equity,monthly,vw,-1,476,174,1929-06-30,-0.0411413329090577
usa,market_equity,monthly,vw,-1,479,175,1929-07-31,-0.0403645650769463
usa,market_equity,monthly,vw,-1,486,178,1929-08-31,-0.0928691148771823
usa,market_equity,monthly,vw,-1,494,180,1929-09-30,0.00515806102336425
usa,market_equity,monthly,vw,-1,489,179,1929-10-31,-0.0413849571570939
usa,market_equity,monthly,vw,-1,490,179,1929-11-30,-0.016036883323277
usa,market_equity,monthly,vw,-1,505,184,1929-12-31,-0.0611717709408131
usa,market_equity,monthly,vw,-1,514,188,1930-01-31,0.0763994958002211
usa,market_equity,monthly,vw,-1,516,189,1930-02-28,0.0115722763785643
usa,market_equity,monthly,vw,-1,518,189,1930-03-31,0.0327101812811056
usa,market_equity,monthly,vw,-1,526,192,1930-04-30,-0.0233752898568686
usa,market_equity,monthly,vw,-1,528,193,1930-05-31,-0.0290315226614608
usa,market_equity,monthly,vw,-1,517,188,1930-06-30,-0.0513944017036762
usa,market_equity,monthly,vw,-1,516,189,1930-07-31,0.00272758579707838
usa,market_equity,monthly,vw,-1,524,191,1930-08-31,-0.0306615192546152
usa,market_equity,monthly,vw,-1,517,189,1930-09-30,-0.0421561936540888
usa,market_equity,monthly,vw,-1,516,189,1930-10-31,-0.0227529116639515
usa,market_equity,monthly,vw,-1,518,190,1930-11-30,0.0125666231502661
usa,market_equity,monthly,vw,-1,515,187,1930-12-31,-0.0783251081282183
usa,market_equity,monthly,vw,-1,520,190,1931-01-31,0.0994445248664713
usa,market_equity,monthly,vw,-1,520,190,1931-02-28,0.0530976549468812
usa,market_equity,monthly,vw,-1,522,190,1931-03-31,-0.00679330500624926
usa,market_equity,monthly,vw,-1,517,189,1931-04-30,-0.0718321110499694
usa,market_equity,monthly,vw,-1,519,189,1931-05-31,0.00287071387363755
usa,market_equity,monthly,vw,-1,520,190,1931-06-30,0.0496385026611468
usa,market_equity,monthly,vw,-1,520,190,1931-07-31,-0.00998700650198654
usa,market_equity,monthly,vw,-1,518,188,1931-08-31,-0.0296700165116601
usa,market_equity,monthly,vw,-1,511,187,1931-09-30,-0.0365290563662408
usa,market_equity,monthly,vw,-1,512,188,1931-10-31,0.0344607245498232
usa,market_equity,monthly,vw,-1,516,188,1931-11-30,-0.00394762218291267
usa,market_equity,monthly,vw,-1,515,188,1931-12-31,-0.0768806842538159
usa,market_equity,monthly,vw,-1,516,188,1932-01-31,0.109112601843093
usa,market_equity,monthly,vw,-1,518,189,1932-02-29,-0.0340353674519852
usa,market_equity,monthly,vw,-1,518,189,1932-03-31,-0.0241998922407864
usa,market_equity,monthly,vw,-1,511,187,1932-04-30,-0.0199687069996767
usa,market_equity,monthly,vw,-1,505,185,1932-05-31,-0.0111829235186286
usa,market_equity,monthly,vw,-1,506,184,1932-06-30,0.0686502964388059
usa,market_equity,monthly,vw,-1,505,184,1932-07-31,0.0958217848334062
usa,market_equity,monthly,vw,-1,511,186,1932-08-31,0.376445670128328
usa,market_equity,monthly,vw,-1,510,186,1932-09-30,-0.0583532270835032
usa,market_equity,monthly,vw,-1,509,186,1932-10-31,-0.038103296351265
usa,market_equity,monthly,vw,-1,507,184,1932-11-30,-0.0374706525515103
usa,market_equity,monthly,vw,-1,505,184,1932-12-31,-0.140921019788223
usa,market_equity,monthly,vw,-1,505,184,1933-01-31,0.0467610898051616
usa,market_equity,monthly,vw,-1,505,185,1933-02-28,-0.0163393249951316
usa,market_equity,monthly,vw,-1,501,182,1933-03-31,0.0852613815464608
usa,market_equity,monthly,vw,-1,496,181,1933-04-30,0.135133429944557
usa,market_equity,monthly,vw,-1,499,182,1933-05-31,0.585229428180637
usa,market_equity,monthly,vw,-1,501,183,1933-06-30,0.094188507741185
usa,market_equity,monthly,vw,-1,498,182,1933-07-31,-0.0101704308493378
usa,market_equity,monthly,vw,-1,496,181,1933-08-31,-0.0281356067426433
usa,market_equity,monthly,vw,-1,498,182,1933-09-30,-0.0640169999814686
usa,market_equity,monthly,vw,-1,503,183,1933-10-31,-0.0404242749501491
usa,market_equity,monthly,vw,-1,502,183,1933-11-30,-0.0469077818545867
usa,market_equity,monthly,vw,-1,503,184,1933-12-31,-0.00199412767490827
usa,market_equity,monthly,vw,-1,505,184,1934-01-31,0.259250486499871
usa,market_equity,monthly,vw,-1,505,184,1934-02-28,0.0528255931712361
usa,market_equity,monthly,vw,-1,505,184,1934-03-31,0.00578219513067492
usa,market_equity,monthly,vw,-1,505,184,1934-04-30,0.0303149208346314
usa,market_equity,monthly,vw,-1,509,185,1934-05-31,-0.0488945644234847
usa,market_equity,monthly,vw,-1,506,184,1934-06-30,-0.0408061072878159
usa,market_equity,monthly,vw,-1,503,184,1934-07-31,-0.128801475258422
usa,market_equity,monthly,vw,-1,502,183,1934-08-31,0.072923757525493
usa,market_equity,monthly,vw,-1,507,185,1934-09-30,-0.0199284802290493
usa,market_equity,monthly,vw,-1,510,186,1934-10-31,0.000933571509504873
usa,market_equity,monthly,vw,-1,506,185,1934-11-30,0.0794242230335816
usa,market_equity,monthly,vw,-1,507,185,1934-12-31,0.0277702696528307
usa,market_equity,monthly,vw,-1,507,185,1935-01-31,-0.0055242656559121
usa,market_equity,monthly,vw,-1,502,184,1935-02-28,-0.061739655561188
usa,market_equity,monthly,vw,-1,497,181,1935-03-31,-0.0627979432330329
usa,market_equity,monthly,vw,-1,501,183,1935-04-30,0.0199227397733155
usa,market_equity,monthly,vw,-1,506,184,1935-05-31,-0.0121507215329381
usa,market_equity,monthly,vw,-1,506,184,1935-06-30,-0.0248558834320565
usa,market_equity,monthly,vw,-1,504,183,1935-07-31,0.0696341057025594
usa,market_equity,monthly,vw,-1,502,183,1935-08-31,0.0683526360375913
usa,market_equity,monthly,vw,-1,507,185,1935-09-30,0.0141164037644427
usa,market_equity,monthly,vw,-1,507,185,1935-10-31,0.026905529778627
usa,market_equity,monthly,vw,-1,506,185,1935-11-30,0.0926560356993671
usa,market_equity,monthly,vw,-1,509,185,1935-12-31,0.0188720848145516
usa,market_equity,monthly,vw,-1,514,187,1936-01-31,0.0796783352808943
usa,market_equity,monthly,vw,-1,514,188,1936-02-29,0.0382177368893533
usa,market_equity,monthly,vw,-1,514,188,1936-03-31,0.0118193457619497
usa,market_equity,monthly,vw,-1,516,188,1936-04-30,-0.060381433194638
usa,market_equity,monthly,vw,-1,524,191,1936-05-31,0.00508226873051788
usa,market_equity,monthly,vw,-1,523,191,1936-06-30,-0.0360797947347204
usa,market_equity,monthly,vw,-1,525,192,1936-07-31,0.0284856351533291
usa,market_equity,monthly,vw,-1,527,192,1936-08-31,0.012604227589635
usa,market_equity,monthly,vw,-1,526,192,1936-09-30,0.0311622940971674
usa,market_equity,monthly,vw,-1,526,192,1936-10-31,-0.0142293114391328
usa,market_equity,monthly,vw,-1,526,192,1936-11-30,0.0781456335446235
usa,market_equity,monthly,vw,-1,533,194,1936-12-31,0.0376205337834496
usa,market_equity,monthly,vw,-1,532,194,1937-01-31,0.0585254963743532
usa,market_equity,monthly,vw,-1,538,196,1937-02-28,0.0169470291184331
usa,market_equity,monthly,vw,-1,539,197,1937-03-31,-0.00348247613867
usa,market_equity,monthly,vw,-1,544,199,1937-04-30,-0.0378226885778019
usa,market_equity,monthly,vw,-1,546,199,1937-05-31,-0.0231709533925923
usa,market_equity,monthly,vw,-1,546,199,1937-06-30,-0.0551088434225865
usa,market_equity,monthly,vw,-1,551,201,1937-07-31,0.00655298512348179
usa,market_equity,monthly,vw,-1,554,202,1937-08-31,-0.00182209368267202
usa,market_equity,monthly,vw,-1,561,204,1937-09-30,-0.0875847405186031
usa,market_equity,monthly,vw,-1,561,205,1937-10-31,-0.0115335651415706
usa,market_equity,monthly,vw,-1,564,206,1937-11-30,-0.0420951696067171
usa,market_equity,monthly,vw,-1,559,204,1937-12-31,-0.0892376835760595
usa,market_equity,monthly,vw,-1,561,204,1938-01-31,0.0557498472369966
usa,market_equity,monthly,vw,-1,563,206,1938-02-28,0.0112258258330158
usa,market_equity,monthly,vw,-1,559,204,1938-03-31,-0.0784647666273597
usa,market_equity,monthly,vw,-1,562,205,1938-04-30,0.0908685946984287
usa,market_equity,monthly,vw,-1,569,207,1938-05-31,-0.049128188872119
usa,market_equity,monthly,vw,-1,568,207,1938-06-30,0.107222100301738
usa,market_equity,monthly,vw,-1,567,207,1938-07-31,0.0778498569287345
usa,market_equity,monthly,vw,-1,565,206,1938-08-31,-0.0399715764867278
usa,market_equity,monthly,vw,-1,565,206,1938-09-30,-0.0390021861619778
usa,market_equity,monthly,vw,-1,562,205,1938-10-31,0.095917379271225
usa,market_equity,monthly,vw,-1,561,205,1938-11-30,-0.0286573956070337
usa,market_equity,monthly,vw,-1,562,205,1938-12-31,-0.0102057918771404
usa,market_equity,monthly,vw,-1,559,204,1939-01-31,-0.0274309446374547
usa,market_equity,monthly,vw,-1,560,204,1939-02-28,0.0108183534442204
usa,market_equity,monthly,vw,-1,561,204,1939-03-31,-0.0793346631392566
usa,market_equity,monthly,vw,-1,559,204,1939-04-30,0.0141124977785456
usa,market_equity,monthly,vw,-1,559,204,1939-05-31,0.0305592792307649
usa,market_equity,monthly,vw,-1,559,204,1939-06-30,-0.0437668238083409
usa,market_equity,monthly,vw,-1,559,204,1939-07-31,0.0567289664686109
usa,market_equity,monthly,vw,-1,561,205,1939-08-31,-0.0570204451812447
usa,market_equity,monthly,vw,-1,562,205,1939-09-30,0.285657213123765
usa,market_equity,monthly,vw,-1,560,204,1939-10-31,-0.00439007483593098
usa,market_equity,monthly,vw,-1,560,204,1939-11-30,-0.0623529369720094
usa,market_equity,monthly,vw,-1,560,205,1939-12-31,-0.00918964454641952
usa,market_equity,monthly,vw,-1,561,205,1940-01-31,-0.00279701810490786
usa,market_equity,monthly,vw,-1,565,206,1940-02-29,0.0257244572469104
usa,market_equity,monthly,vw,-1,565,206,1940-03-31,0.012184309174451
usa,market_equity,monthly,vw,-1,567,207,1940-04-30,0.0249010146069971
usa,market_equity,monthly,vw,-1,566,207,1940-05-31,-0.0787835505220489
usa,market_equity,monthly,vw,-1,567,207,1940-06-30,-0.000935570545346251
usa,market_equity,monthly,vw,-1,568,207,1940-07-31,0.00360580711107973
usa,market_equity,monthly,vw,-1,570,208,1940-08-31,-0.00215403660095478
usa,market_equity,monthly,vw,-1,568,207,1940-09-30,0.0302873413713049
usa,market_equity,monthly,vw,-1,569,208,1940-10-31,0.0263606460239254
usa,market_equity,monthly,vw,-1,570,208,1940-11-30,0.0248564954847128
usa,market_equity,monthly,vw,-1,573,209,1940-12-31,-0.0276575197586223
usa,market_equity,monthly,vw,-1,571,208,1941-01-31,0.0294940651056519
usa,market_equity,monthly,vw,-1,572,208,1941-02-28,-0.0129902949758512
usa,market_equity,monthly,vw,-1,573,209,1941-03-31,0.0102959610100168
usa,market_equity,monthly,vw,-1,575,210,1941-04-30,-0.010400118477529
usa,market_equity,monthly,vw,-1,576,210,1941-05-31,-0.0054764286769609
usa,market_equity,monthly,vw,-1,576,210,1941-06-30,0.00754878668127235
usa,market_equity,monthly,vw,-1,575,209,1941-07-31,0.0842673249425726
usa,market_equity,monthly,vw,-1,576,210,1941-08-31,-0.00972802422012938
usa,market_equity,monthly,vw,-1,575,210,1941-09-30,-0.0142484475935452
usa,market_equity,monthly,vw,-1,578,211,1941-10-31,-0.00903919993183708
usa,market_equity,monthly,vw,-1,576,211,1941-11-30,-0.00986810032639099
usa,market_equity,monthly,vw,-1,577,210,1941-12-31,-0.0545319549957216
usa,market_equity,monthly,vw,-1,578,211,1942-01-31,0.128159442456007
usa,market_equity,monthly,vw,-1,579,211,1942-02-28,0.0102765729361639
usa,market_equity,monthly,vw,-1,579,211,1942-03-31,0.0242359337229054
usa,market_equity,monthly,vw,-1,579,211,1942-04-30,-0.0036112330539904
usa,market_equity,monthly,vw,-1,581,212,1942-05-31,-0.051749256958781
usa,market_equity,monthly,vw,-1,582,212,1942-06-30,-0.00581216651781048
usa,market_equity,monthly,vw,-1,581,212,1942-07-31,0.010768961056877
usa,market_equity,monthly,vw,-1,581,212,1942-08-31,0.00906021777843563
usa,market_equity,monthly,vw,-1,582,212,1942-09-30,0.0137932055825973
usa,market_equity,monthly,vw,-1,581,212,1942-10-31,0.0446097087341417
usa,market_equity,monthly,vw,-1,581,212,1942-11-30,-0.0208524993122766
usa,market_equity,monthly,vw,-1,579,212,1942-12-31,-0.023120262141805
usa,market_equity,monthly,vw,-1,580,211,1943-01-31,0.118005293410606
usa,market_equity,monthly,vw,-1,581,212,1943-02-28,0.076640746822046
usa,market_equity,monthly,vw,-1,582,212,1943-03-31,0.0792557942656807
usa,market_equity,monthly,vw,-1,582,212,1943-04-30,0.0302225131445321
usa,market_equity,monthly,vw,-1,580,212,1943-05-31,0.0443531221840163
usa,market_equity,monthly,vw,-1,580,211,1943-06-30,-0.00919339184018538
usa,market_equity,monthly,vw,-1,580,211,1943-07-31,-0.0288596720739745
usa,market_equity,monthly,vw,-1,582,212,1943-08-31,-0.0122494948892966
usa,market_equity,monthly,vw,-1,583,213,1943-09-30,0.0151457055877867
usa,market_equity,monthly,vw,-1,585,213,1943-10-31,0.0147952997520978
usa,market_equity,monthly,vw,-1,587,214,1943-11-30,-0.0427596805972047
usa,market_equity,monthly,vw,-1,589,215,1943-12-31,0.047946358948804
usa,market_equity,monthly,vw,-1,588,215,1944-01-31,0.0401914132898394
usa,market_equity,monthly,vw,-1,590,215,1944-02-29,0.014340115151474
usa,market_equity,monthly,vw,-1,592,216,1944-03-31,0.023460575133656
usa,market_equity,monthly,vw,-1,592,216,1944-04-30,-0.0169391103491488
usa,market_equity,monthly,vw,-1,592,216,1944-05-31,0.0210776800591917
usa,market_equity,monthly,vw,-1,592,216,1944-06-30,0.0567681491246605
usa,market_equity,monthly,vw,-1,591,216,1944-07-31,0.00690470666499578
usa,market_equity,monthly,vw,-1,594,217,1944-08-31,0.0228976757145336
usa,market_equity,monthly,vw,-1,596,217,1944-09-30,0.00114566045753511
usa,market_equity,monthly,vw,-1,597,217,1944-10-31,-0.00180850864317129
usa,market_equity,monthly,vw,-1,595,217,1944-11-30,0.0110690179785011
usa,market_equity,monthly,vw,-1,596,217,1944-12-31,0.0412139390812466
usa,market_equity,monthly,vw,-1,599,219,1945-01-31,0.0330902354803287
usa,market_equity,monthly,vw,-1,601,219,1945-02-28,0.0358119898254389
usa,market_equity,monthly,vw,-1,601,219,1945-03-31,-0.0235093314967413
usa,market_equity,monthly,vw,-1,602,219,1945-04-30,0.0149286421862574
usa,market_equity,monthly,vw,-1,603,220,1945-05-31,0.0184847399670254
usa,market_equity,monthly,vw,-1,606,222,1945-06-30,0.0445690093474323
usa,market_equity,monthly,vw,-1,609,222,1945-07-31,-0.0213852693202062
usa,market_equity,monthly,vw,-1,609,222,1945-08-31,0.00636967624841232
usa,market_equity,monthly,vw,-1,611,223,1945-09-30,0.0205250123160553
usa,market_equity,monthly,vw,-1,611,223,1945-10-31,0.0384164543344325
usa,market_equity,monthly,vw,-1,613,223,1945-11-30,0.058963706607275
usa,market_equity,monthly,vw,-1,612,223,1945-12-31,0.0167657715512981
usa,market_equity,monthly,vw,-1,615,224,1946-01-31,0.0464683480593158
usa,market_equity,monthly,vw,-1,623,227,1946-02-28,-0.0121902860324756
usa,market_equity,monthly,vw,-1,624,227,1946-03-31,-1.3650430451824e-05
usa,market_equity,monthly,vw,-1,627,228,1946-04-30,0.0165157153725831
usa,market_equity,monthly,vw,-1,630,230,1946-05-31,0.0238397665425661
usa,market_equity,monthly,vw,-1,636,232,1946-06-30,-0.010970694747621
usa,market_equity,monthly,vw,-1,636,232,1946-07-31,-0.0219589354248154
usa,market_equity,monthly,vw,-1,644,235,1946-08-31,-0.02191479748805
usa,market_equity,monthly,vw,-1,647,236,1946-09-30,-0.0533322688678677
usa,market_equity,monthly,vw,-1,649,236,1946-10-31,0.00178954352084229
usa,market_equity,monthly,vw,-1,650,237,1946-11-30,-0.00764602449319084
usa,market_equity,monthly,vw,-1,653,238,1946-12-31,-0.00614079737674666
usa,market_equity,monthly,vw,-1,657,239,1947-01-31,0.0309584753153635
usa,market_equity,monthly,vw,-1,660,240,1947-02-28,0.00837396117677075
usa,market_equity,monthly,vw,-1,660,241,1947-03-31,-0.0236268530740552
usa,market_equity,monthly,vw,-1,663,242,1947-04-30,-0.0513238582273303
usa,market_equity,monthly,vw,-1,663,242,1947-05-31,-0.0449002803092537
usa,market_equity,monthly,vw,-1,664,242,1947-06-30,-0.00237629636574489
usa,market_equity,monthly,vw,-1,667,243,1947-07-31,0.0319513042428129
usa,market_equity,monthly,vw,-1,669,244,1947-08-31,0.00318180759113351
usa,market_equity,monthly,vw,-1,673,245,1947-09-30,0.0165359389667741
usa,market_equity,monthly,vw,-1,673,246,1947-10-31,0.0103740628488432
usa,market_equity,monthly,vw,-1,675,246,1947-11-30,-0.0188554062879049
usa,market_equity,monthly,vw,-1,678,247,1947-12-31,-0.0163742040572487
usa,market_equity,monthly,vw,-1,681,248,1948-01-31,0.0326293589143648
usa,market_equity,monthly,vw,-1,684,249,1948-02-29,-0.0270776296642139
usa,market_equity,monthly,vw,-1,685,250,1948-03-31,0.0119462344697265
usa,market_equity,monthly,vw,-1,688,251,1948-04-30,-0.00565275647999641
usa,market_equity,monthly,vw,-1,690,251,1948-05-31,0.0177725189650566
usa,market_equity,monthly,vw,-1,690,252,1948-06-30,-0.0121325235575722
usa,market_equity,monthly,vw,-1,693,252,1948-07-31,-0.00497247774786334
usa,market_equity,monthly,vw,-1,695,254,1948-08-31,-0.0139959497826623
usa,market_equity,monthly,vw,-1,696,254,1948-09-30,-0.0143866902831995
usa,market_equity,monthly,vw,-1,696,254,1948-10-31,-0.011235792577789
usa,market_equity,monthly,vw,-1,697,254,1948-11-30,-0.0214763390807955
usa,market_equity,monthly,vw,-1,698,254,1948-12-31,-0.0336916307152378
usa,market_equity,monthly,vw,-1,698,254,1949-01-31,0.0213630652157912
usa,market_equity,monthly,vw,-1,701,255,1949-02-28,-0.0271058233678136
usa,market_equity,monthly,vw,-1,704,257,1949-03-31,0.030226746237913
usa,market_equity,monthly,vw,-1,705,257,1949-04-30,-0.0196540986484292
usa,market_equity,monthly,vw,-1,708,258,1949-05-31,-0.0257729429209976
usa,market_equity,monthly,vw,-1,709,258,1949-06-30,-0.0181651575576621
usa,market_equity,monthly,vw,-1,710,259,1949-07-31,0.00770475249946335
usa,market_equity,monthly,vw,-1,711,259,1949-08-31,0.00160123617366966
usa,market_equity,monthly,vw,-1,712,259,1949-09-30,0.01801788473852
usa,market_equity,monthly,vw,-1,716,261,1949-10-31,0.00700788762490706
usa,market_equity,monthly,vw,-1,717,261,1949-11-30,-0.0136518338460701
usa,market_equity,monthly,vw,-1,717,261,1949-12-31,0.0307609817194445
usa,market_equity,monthly,vw,-1,715,261,1950-01-31,0.0340597406853039
usa,market_equity,monthly,vw,-1,717,261,1950-02-28,0.000648674265004499
usa,market_equity,monthly,vw,-1,719,262,1950-03-31,-0.0253742636064469
usa,market_equity,monthly,vw,-1,720,263,1950-04-30,0.0156762072676629
usa,market_equity,monthly,vw,-1,721,263,1950-05-31,-0.0176294391829106
usa,market_equity,monthly,vw,-1,723,264,1950-06-30,-0.0256067050829026
usa,market_equity,monthly,vw,-1,724,264,1950-07-31,0.0556183976071079
usa,market_equity,monthly,vw,-1,727,265,1950-08-31,0.00299237960301472
usa,market_equity,monthly,vw,-1,730,266,1950-09-30,0.00729393321584431
usa,market_equity,monthly,vw,-1,732,267,1950-10-31,-0.00270570250618957
usa,market_equity,monthly,vw,-1,733,267,1950-11-30,0.000178229489656782
usa,market_equity,monthly,vw,-1,734,267,1950-12-31,0.036719182457592
usa,market_equity,monthly,vw,-1,733,267,1951-01-31,0.0317555538301066
usa,market_equity,monthly,vw,-1,734,268,1951-02-28,-9.66620695829288e-05
usa,market_equity,monthly,vw,-1,735,268,1951-03-31,-0.016298344759467
usa,market_equity,monthly,vw,-1,738,269,1951-04-30,-0.0136395183771725
usa,market_equity,monthly,vw,-1,741,270,1951-05-31,-0.00718744316269303
usa,market_equity,monthly,vw,-1,740,270,1951-06-30,-0.0350945580053402
usa,market_equity,monthly,vw,-1,743,271,1951-07-31,-0.0157781751360966
usa,market_equity,monthly,vw,-1,743,271,1951-08-31,0.01098786198921
usa,market_equity,monthly,vw,-1,743,271,1951-09-30,0.021240656480652
usa,market_equity,monthly,vw,-1,743,271,1951-10-31,0.000350101695404691
usa,market_equity,monthly,vw,-1,743,271,1951-11-30,-0.00204129786140171
usa,market_equity,monthly,vw,-1,746,272,1951-12-31,-0.0312166411606741
usa,market_equity,monthly,vw,-1,747,272,1952-01-31,0.000399907158683363
usa,market_equity,monthly,vw,-1,749,273,1952-02-29,0.00682194580159488
usa,market_equity,monthly,vw,-1,749,273,1952-03-31,-0.0258597975155644
usa,market_equity,monthly,vw,-1,749,273,1952-04-30,0.00451076605899378
usa,market_equity,monthly,vw,-1,749,273,1952-05-31,-0.0144173076419811
usa,market_equity,monthly,vw,-1,749,273,1952-06-30,-0.014196253916515
usa,market_equity,monthly,vw,-1,751,274,1952-07-31,-0.00324799066106707
usa,market_equity,monthly,vw,-1,752,274,1952-08-31,0.0137836418919364
usa,market_equity,monthly,vw,-1,752,274,1952-09-30,0.00585930289715131
usa,market_equity,monthly,vw,-1,758,276,1952-10-31,-0.0138179428661662
usa,market_equity,monthly,vw,-1,757,276,1952-11-30,-0.00429827112089366
usa,market_equity,monthly,vw,-1,757,276,1952-12-31,-0.0102294659156859
usa,market_equity,monthly,vw,-1,757,276,1953-01-31,0.0470108984299651
usa,market_equity,monthly,vw,-1,757,276,1953-02-28,0.0240095902910093
usa,market_equity,monthly,vw,-1,757,276,1953-03-31,-0.00195651138739513
usa,market_equity,monthly,vw,-1,757,276,1953-04-30,0.00728742367555619
usa,market_equity,monthly,vw,-1,757,276,1953-05-31,-0.0021585179820176
usa,market_equity,monthly,vw,-1,757,276,1953-06-30,-0.0225759007858645
usa,market_equity,monthly,vw,-1,759,276,1953-07-31,-0.0120560216827159
usa,market_equity,monthly,vw,-1,757,276,1953-08-31,-0.0146104112311075
usa,market_equity,monthly,vw,-1,756,276,1953-09-30,-0.0202493269835583
usa,market_equity,monthly,vw,-1,755,275,1953-10-31,-0.0133832451000755
usa,market_equity,monthly,vw,-1,756,275,1953-11-30,-0.0126974424193401
usa,market_equity,monthly,vw,-1,758,276,1953-12-31,-0.0235511368490879
usa,market_equity,monthly,vw,-1,757,276,1954-01-31,0.0242173571132107
usa,market_equity,monthly,vw,-1,757,276,1954-02-28,-0.00547766913912377
usa,market_equity,monthly,vw,-1,757,276,1954-03-31,-0.0125333381914036
usa,market_equity,monthly,vw,-1,757,276,1954-04-30,-0.0425269588244594
usa,market_equity,monthly,vw,-1,758,276,1954-05-31,0.0187932242774742
usa,market_equity,monthly,vw,-1,757,276,1954-06-30,-0.00223054452471196
usa,market_equity,monthly,vw,-1,758,276,1954-07-31,0.0275276782534868
usa,market_equity,monthly,vw,-1,760,277,1954-08-31,0.024953157098216
usa,market_equity,monthly,vw,-1,760,277,1954-09-30,-0.0244971883727821
usa,market_equity,monthly,vw,-1,760,277,1954-10-31,0.0113734802435875
usa,market_equity,monthly,vw,-1,760,277,1954-11-30,-0.00241831312382496
usa,market_equity,monthly,vw,-1,758,276,1954-12-31,0.0506707837331325
usa,market_equity,monthly,vw,-1,762,278,1955-01-31,0.00751551189747051
usa,market_equity,monthly,vw,-1,765,279,1955-02-28,0.0161604297206714
usa,market_equity,monthly,vw,-1,762,278,1955-03-31,0.00250429056490769
usa,market_equity,monthly,vw,-1,760,277,1955-04-30,-0.0142742004010336
usa,market_equity,monthly,vw,-1,761,277,1955-05-31,-0.0107809647791347
usa,market_equity,monthly,vw,-1,760,277,1955-06-30,-0.0396590507838428
usa,market_equity,monthly,vw,-1,761,277,1955-07-31,-0.0146095172284335
usa,market_equity,monthly,vw,-1,762,278,1955-08-31,-0.000742179450453648
usa,market_equity,monthly,vw,-1,761,277,1955-09-30,-0.00374747423271923
usa,market_equity,monthly,vw,-1,758,276,1955-10-31,0.0137932359870096
usa,market_equity,monthly,vw,-1,761,277,1955-11-30,-0.0203201757042699
usa,market_equity,monthly,vw,-1,763,278,1955-12-31,0.00985577685265834
usa,market_equity,monthly,vw,-1,761,277,1956-01-31,0.0105934843294453
usa,market_equity,monthly,vw,-1,762,278,1956-02-29,-0.0113754539060243
usa,market_equity,monthly,vw,-1,762,278,1956-03-31,-0.0259915217094012
usa,market_equity,monthly,vw,-1,764,278,1956-04-30,-0.000941647883095269
usa,market_equity,monthly,vw,-1,764,279,1956-05-31,0.00873629959561458
usa,market_equity,monthly,vw,-1,762,278,1956-06-30,-0.0253449606647795
usa,market_equity,monthly,vw,-1,759,277,1956-07-31,-0.0173519078239408
usa,market_equity,monthly,vw,-1,762,278,1956-08-31,0.0202416022478591
usa,market_equity,monthly,vw,-1,759,277,1956-09-30,0.0250386447546995
usa,market_equity,monthly,vw,-1,763,278,1956-10-31,-0.00395539656818534
usa,market_equity,monthly,vw,-1,762,278,1956-11-30,0.00305599676480262
usa,market_equity,monthly,vw,-1,761,277,1956-12-31,-0.0173587067049465
usa,market_equity,monthly,vw,-1,762,278,1957-01-31,0.0484958845088302
usa,market_equity,monthly,vw,-1,762,277,1957-02-28,-0.00838034822889372
usa,market_equity,monthly,vw,-1,764,278,1957-03-31,-0.0031802577872837
usa,market_equity,monthly,vw,-1,763,279,1957-04-30,-0.0336967440900788
usa,market_equity,monthly,vw,-1,766,279,1957-05-31,-0.0215738214193761
usa,market_equity,monthly,vw,-1,770,281,1957-06-30,-0.00303055640518191
usa,market_equity,monthly,vw,-1,771,281,1957-07-31,-0.0034808207330994
usa,market_equity,monthly,vw,-1,773,282,1957-08-31,0.00037212607746933
usa,market_equity,monthly,vw,-1,774,282,1957-09-30,0.00270642037640174
usa,market_equity,monthly,vw,-1,774,282,1957-10-31,-0.0395510875851961
usa,market_equity,monthly,vw,-1,773,282,1957-11-30,-0.0135681784766163
usa,market_equity,monthly,vw,-1,776,283,1957-12-31,-0.0193165447841087
usa,market_equity,monthly,vw,-1,773,282,1958-01-31,0.0773347219150361
usa,market_equity,monthly,vw,-1,774,282,1958-02-28,0.00481862230907683
usa,market_equity,monthly,vw,-1,769,282,1958-03-31,0.00251946052918835
usa,market_equity,monthly,vw,-1,772,281,1958-04-30,-0.00532016285843045
usa,market_equity,monthly,vw,-1,774,282,1958-05-31,0.0202890262775796
usa,market_equity,monthly,vw,-1,773,282,1958-06-30,-0.000392910728733827
usa,market_equity,monthly,vw,-1,770,281,1958-07-31,0.0119113263590006
usa,market_equity,monthly,vw,-1,769,280,1958-08-31,0.0143089870483922
usa,market_equity,monthly,vw,-1,770,281,1958-09-30,0.00974645836970184
usa,market_equity,monthly,vw,-1,767,280,1958-10-31,0.00804736577289959
usa,market_equity,monthly,vw,-1,766,279,1958-11-30,0.0205464719207314
usa,market_equity,monthly,vw,-1,768,280,1958-12-31,-0.0163129347025853
usa,market_equity,monthly,vw,-1,768,280,1959-01-31,0.0511921910916031
usa,market_equity,monthly,vw,-1,766,280,1959-02-28,0.0219566269778389
usa,market_equity,monthly,vw,-1,766,279,1959-03-31,0.0135687722638956
usa,market_equity,monthly,vw,-1,765,279,1959-04-30,-0.0189347980760998
usa,market_equity,monthly,vw,-1,769,280,1959-05-31,-0.0143844369911349
usa,market_equity,monthly,vw,-1,772,281,1959-06-30,0.00564705475485872
usa,market_equity,monthly,vw,-1,774,282,1959-07-31,-0.00955142972093542
usa,market_equity,monthly,vw,-1,778,283,1959-08-31,-0.00465708575163894
usa,market_equity,monthly,vw,-1,778,283,1959-09-30,0.000793651646183856
usa,market_equity,monthly,vw,-1,779,284,1959-10-31,0.00868968433285834
usa,market_equity,monthly,vw,-1,781,284,1959-11-30,-4.82338469065986e-05
usa,market_equity,monthly,vw,-1,783,286,1959-12-31,-0.0057731502013545
usa,market_equity,monthly,vw,-1,783,285,1960-01-31,0.0372877176998347
usa,market_equity,monthly,vw,-1,785,286,1960-02-29,-0.00318134156887372
usa,market_equity,monthly,vw,-1,787,287,1960-03-31,-0.0222879067498931
usa,market_equity,monthly,vw,-1,790,288,1960-04-30,-0.0063492732432303
usa,market_equity,monthly,vw,-1,789,288,1960-05-31,-0.00729629338305326
usa,market_equity,monthly,vw,-1,792,288,1960-06-30,-0.0039567204466365
usa,market_equity,monthly,vw,-1,796,290,1960-07-31,0.00352618279684911
usa,market_equity,monthly,vw,-1,799,291,1960-08-31,0.0054838812070217
usa,market_equity,monthly,vw,-1,803,292,1960-09-30,-0.00430641787583141
usa,market_equity,monthly,vw,-1,808,294,1960-10-31,-0.0298419927934756
usa,market_equity,monthly,vw,-1,806,294,1960-11-30,-0.0032818615841796
usa,market_equity,monthly,vw,-1,803,293,1960-12-31,-0.017117647381764
usa,market_equity,monthly,vw,-1,802,293,1961-01-31,0.0326728586375796
usa,market_equity,monthly,vw,-1,807,294,1961-02-28,0.0398339791458708
usa,market_equity,monthly,vw,-1,806,294,1961-03-31,0.0325525798125966
usa,market_equity,monthly,vw,-1,807,294,1961-04-30,0.0119083889575291
usa,market_equity,monthly,vw,-1,809,295,1961-05-31,0.0190605677962321
usa,market_equity,monthly,vw,-1,808,294,1961-06-30,-0.0283423902587736
usa,market_equity,monthly,vw,-1,808,295,1961-07-31,-0.0271493386490865
usa,market_equity,monthly,vw,-1,811,295,1961-08-31,-0.0154324815015394
usa,market_equity,monthly,vw,-1,810,295,1961-09-30,-0.0163795886033565
usa,market_equity,monthly,vw,-1,814,297,1961-10-31,-0.0176977432662542
usa,market_equity,monthly,vw,-1,820,299,1961-11-30,0.00919926371555272
usa,market_equity,monthly,vw,-1,823,300,1961-12-31,0.000337546753422568
usa,market_equity,monthly,vw,-1,821,299,1962-01-31,0.0454899852471447
usa,market_equity,monthly,vw,-1,881,319,1962-02-28,-0.00553168304815468
usa,market_equity,monthly,vw,-1,935,345,1962-03-31,-0.00221404127284546
usa,market_equity,monthly,vw,-1,936,346,1962-04-30,-0.0136895732561494
usa,market_equity,monthly,vw,-1,938,346,1962-05-31,-0.0287151698115578
usa,market_equity,monthly,vw,-1,943,344,1962-06-30,-0.00456893567807887
usa,market_equity,monthly,vw,-1,942,344,1962-07-31,0.00378723799485135
usa,market_equity,monthly,vw,-1,1719,396,1962-08-31,0.0215394140520395
usa,market_equity,monthly,vw,-1,1717,398,1962-09-30,-0.0187346692875562
usa,market_equity,monthly,vw,-1,1724,399,1962-10-31,-0.0532814378120201
usa,market_equity,monthly,vw,-1,1731,398,1962-11-30,0.0262364101276494
usa,market_equity,monthly,vw,-1,1734,395,1962-12-31,-0.0432159462140932
usa,market_equity,monthly,vw,-1,1736,395,1963-01-31,0.0429168200116233
usa,market_equity,monthly,vw,-1,1742,395,1963-02-28,0.00758403738436148
usa,market_equity,monthly,vw,-1,1728,397,1963-03-31,-0.0241520839165203
usa,market_equity,monthly,vw,-1,1731,396,1963-04-30,-0.0197006643523082
usa,market_equity,monthly,vw,-1,1748,394,1963-05-31,0.0176127643079199
usa,market_equity,monthly,vw,-1,1750,394,1963-06-30,0.00869154092856338
usa,market_equity,monthly,vw,-1,1753,395,1963-07-31,-0.00891000068367928
usa,market_equity,monthly,vw,-1,1755,396,1963-08-31,-0.0114256064107453
usa,market_equity,monthly,vw,-1,1748,394,1963-09-30,-0.00143953336693201
usa,market_equity,monthly,vw,-1,1745,394,1963-10-31,-0.0128449121668486
usa,market_equity,monthly,vw,-1,1748,393,1963-11-30,-0.0127940438802397
usa,market_equity,monthly,vw,-1,1749,388,1963-12-31,-0.0269843476664087
usa,market_equity,monthly,vw,-1,1745,391,1964-01-31,0.00225864736580224
usa,market_equity,monthly,vw,-1,1756,393,1964-02-29,0.0103523273624148
usa,market_equity,monthly,vw,-1,1763,393,1964-03-31,0.0142232675860207
usa,market_equity,monthly,vw,-1,1773,392,1964-04-30,-0.0106269189398971
usa,market_equity,monthly,vw,-1,1781,392,1964-05-31,-0.00522845663621914
usa,market_equity,monthly,vw,-1,1775,393,1964-06-30,-0.00276403185959366
usa,market_equity,monthly,vw,-1,1776,395,1964-07-31,0.00806230632968217
usa,market_equity,monthly,vw,-1,1791,392,1964-08-31,0.0021969047705737
usa,market_equity,monthly,vw,-1,1795,393,1964-09-30,0.00530356217344358
usa,market_equity,monthly,vw,-1,1801,390,1964-10-31,0.00996922452874269
usa,market_equity,monthly,vw,-1,1802,393,1964-11-30,-0.0044036237250275
usa,market_equity,monthly,vw,-1,1803,393,1964-12-31,-0.0118988268237894
usa,market_equity,monthly,vw,-1,1811,398,1965-01-31,0.0320051468383077
usa,market_equity,monthly,vw,-1,1826,399,1965-02-28,0.0336225302229606
usa,market_equity,monthly,vw,-1,1853,404,1965-03-31,0.0269625021837342
usa,market_equity,monthly,vw,-1,1855,402,1965-04-30,0.0109051067022025
usa,market_equity,monthly,vw,-1,1860,403,1965-05-31,-0.00544382979222057
usa,market_equity,monthly,vw,-1,1855,406,1965-06-30,-0.0450774277791254
usa,market_equity,monthly,vw,-1,1864,404,1965-07-31,0.0174652070909043
usa,market_equity,monthly,vw,-1,1868,408,1965-08-31,0.024219651807068
usa,market_equity,monthly,vw,-1,1871,408,1965-09-30,0.000187535273324518
usa,market_equity,monthly,vw,-1,1866,406,1965-10-31,0.0350218911561658
usa,market_equity,monthly,vw,-1,1879,407,1965-11-30,0.0487002511520421
usa,market_equity,monthly,vw,-1,1866,406,1965-12-31,0.0319831752734623
usa,market_equity,monthly,vw,-1,1872,408,1966-01-31,0.0542010982400127
usa,market_equity,monthly,vw,-1,1970,426,1966-02-28,0.0423475421300479
usa,market_equity,monthly,vw,-1,1973,426,1966-03-31,0.00135670934920984
usa,market_equity,monthly,vw,-1,1969,427,1966-04-30,0.0289077564136752
usa,market_equity,monthly,vw,-1,2011,433,1966-05-31,-0.04080490014002
usa,market_equity,monthly,vw,-1,2023,433,1966-06-30,0.0155349794294607
usa,market_equity,monthly,vw,-1,2024,430,1966-07-31,-0.0021517018994157
usa,market_equity,monthly,vw,-1,2032,428,1966-08-31,-0.032213455224964
usa,market_equity,monthly,vw,-1,2037,430,1966-09-30,-0.00859995216772177
usa,market_equity,monthly,vw,-1,2039,434,1966-10-31,-0.0741079016192306
usa,market_equity,monthly,vw,-1,2042,431,1966-11-30,0.0349585265735509
usa,market_equity,monthly,vw,-1,2041,430,1966-12-31,0.0200745027644497
usa,market_equity,monthly,vw,-1,2037,433,1967-01-31,0.09911402227144
usa,market_equity,monthly,vw,-1,2058,433,1967-02-28,0.0322568487528594
usa,market_equity,monthly,vw,-1,2060,437,1967-03-31,0.0225642899007549
usa,market_equity,monthly,vw,-1,2057,436,1967-04-30,0.00106145912137325
usa,market_equity,monthly,vw,-1,2052,440,1967-05-31,0.0408324954714453
usa,market_equity,monthly,vw,-1,2040,442,1967-06-30,0.0690000483386965
usa,market_equity,monthly,vw,-1,2032,442,1967-07-31,0.0409336291887848
usa,market_equity,monthly,vw,-1,2022,441,1967-08-31,0.0111377557538611
usa,market_equity,monthly,vw,-1,2019,440,1967-09-30,0.0377509483679915
usa,market_equity,monthly,vw,-1,2011,443,1967-10-31,0.00726465210154188
usa,market_equity,monthly,vw,-1,2004,444,1967-11-30,-0.00266756679043033
usa,market_equity,monthly,vw,-1,2005,443,1967-12-31,0.0645078342916859
usa,market_equity,monthly,vw,-1,1998,443,1968-01-31,0.0614414372172632
usa,market_equity,monthly,vw,-1,2175,455,1968-02-29,-0.0280644709210861
usa,market_equity,monthly,vw,-1,2188,449,1968-03-31,-0.0231558639975794
usa,market_equity,monthly,vw,-1,2190,447,1968-04-30,0.0616450494747767
usa,market_equity,monthly,vw,-1,2187,448,1968-05-31,0.0785611233666234
usa,market_equity,monthly,vw,-1,2189,448,1968-06-30,0.00217701766930873
usa,market_equity,monthly,vw,-1,2180,449,1968-07-31,-0.00983462730112195
usa,market_equity,monthly,vw,-1,2169,447,1968-08-31,0.01979325265017
usa,market_equity,monthly,vw,-1,2178,449,1968-09-30,0.028292606557299
usa,market_equity,monthly,vw,-1,2180,449,1968-10-31,0.00348050538834407
usa,market_equity,monthly,vw,-1,2193,445,1968-11-30,0.0210694679764761
usa,market_equity,monthly,vw,-1,2206,447,1968-12-31,0.0483432035242662
usa,market_equity,monthly,vw,-1,2213,451,1969-01-31,-0.00483296824091224
usa,market_equity,monthly,vw,-1,2215,452,1969-02-28,-0.0325969695318496
usa,market_equity,monthly,vw,-1,2225,453,1969-03-31,-0.0147166153636772
usa,market_equity,monthly,vw,-1,2231,450,1969-04-30,-0.0193096982728777
usa,market_equity,monthly,vw,-1,2241,458,1969-05-31,-3.04874471199496e-05
usa,market_equity,monthly,vw,-1,2242,464,1969-06-30,-0.0685255263786223
usa,market_equity,monthly,vw,-1,2256,461,1969-07-31,-0.0362070238702405
usa,market_equity,monthly,vw,-1,2266,462,1969-08-31,0.00472544545661698
usa,market_equity,monthly,vw,-1,2271,460,1969-09-30,0.00643865337951431
usa,market_equity,monthly,vw,-1,2275,466,1969-10-31,0.028951934565805
usa,market_equity,monthly,vw,-1,2277,467,1969-11-30,-0.0298833042920207
usa,market_equity,monthly,vw,-1,2279,470,1969-12-31,-0.0566285774221933
usa,market_equity,monthly,vw,-1,2288,470,1970-01-31,0.031070747952162
usa,market_equity,monthly,vw,-1,2308,471,1970-02-28,-0.0294555833082343
usa,market_equity,monthly,vw,-1,2319,471,1970-03-31,-0.0350307529192636
usa,market_equity,monthly,vw,-1,2328,467,1970-04-30,-0.074915132830028
usa,market_equity,monthly,vw,-1,2336,464,1970-05-31,-0.0403615121852693
usa,market_equity,monthly,vw,-1,2343,460,1970-06-30,-0.0412264345244345
usa,market_equity,monthly,vw,-1,2341,468,1970-07-31,0.000561900917449933
usa,market_equity,monthly,vw,-1,2346,464,1970-08-31,0.0110159334234833
usa,market_equity,monthly,vw,-1,2355,465,1970-09-30,0.104372762258903
usa,market_equity,monthly,vw,-1,2398,472,1970-10-31,-0.0392031169854454
usa,market_equity,monthly,vw,-1,2393,478,1970-11-30,-0.0450566193838691
usa,market_equity,monthly,vw,-1,2401,476,1970-12-31,0.0354306068757476
usa,market_equity,monthly,vw,-1,2409,471,1971-01-31,0.07184421047095
usa,market_equity,monthly,vw,-1,2434,474,1971-02-28,0.0277596609337934
usa,market_equity,monthly,vw,-1,2441,480,1971-03-31,0.0224249643990917
usa,market_equity,monthly,vw,-1,2444,483,1971-04-30,-0.00997529118488625
usa,market_equity,monthly,vw,-1,2461,484,1971-05-31,-0.0142489346712061
usa,market_equity,monthly,vw,-1,2459,489,1971-06-30,-0.0215766576362954
usa,market_equity,monthly,vw,-1,2471,491,1971-07-31,-0.0260462397042896
usa,market_equity,monthly,vw,-1,2483,487,1971-08-31,0.00662082639925724
usa,market_equity,monthly,vw,-1,2491,486,1971-09-30,-0.0113090778780463
usa,market_equity,monthly,vw,-1,2502,492,1971-10-31,-0.0267389247403806
usa,market_equity,monthly,vw,-1,2512,495,1971-11-30,-0.0303962134723702
usa,market_equity,monthly,vw,-1,2522,502,1971-12-31,0.0397338620878551
usa,market_equity,monthly,vw,-1,2546,505,1972-01-31,0.0905186790427875
usa,market_equity,monthly,vw,-1,2576,510,1972-02-29,0.00530045251812289
usa,market_equity,monthly,vw,-1,2587,507,1972-03-31,0.000607522269976554
usa,market_equity,monthly,vw,-1,2596,512,1972-04-30,-0.00224094100444201
usa,market_equity,monthly,vw,-1,2601,514,1972-05-31,-0.0289689869259341
usa,market_equity,monthly,vw,-1,2601,518,1972-06-30,-0.0207889043347281
usa,market_equity,monthly,vw,-1,2611,521,1972-07-31,-0.0342958759672263
usa,market_equity,monthly,vw,-1,2614,519,1972-08-31,-0.0283440078720042
usa,market_equity,monthly,vw,-1,2616,519,1972-09-30,-0.031267036068097
usa,market_equity,monthly,vw,-1,2631,519,1972-10-31,-0.0281193992045321
usa,market_equity,monthly,vw,-1,2632,525,1972-11-30,0.0103975072674565
usa,market_equity,monthly,vw,-1,2641,522,1972-12-31,-0.0291412685663654
usa,market_equity,monthly,vw,-1,4866,628,1973-01-31,-0.0247790493701098
usa,market_equity,monthly,vw,-1,4885,627,1973-02-28,-0.0498331357449805
usa,market_equity,monthly,vw,-1,4872,622,1973-03-31,-0.029074019047014
usa,market_equity,monthly,vw,-1,4821,626,1973-04-30,-0.0428155307120154
usa,market_equity,monthly,vw,-1,4788,619,1973-05-31,-0.0801259331698725
usa,market_equity,monthly,vw,-1,4720,615,1973-06-30,-0.0387352918799887
usa,market_equity,monthly,vw,-1,4679,619,1973-07-31,0.0818209044199248
usa,market_equity,monthly,vw,-1,4650,613,1973-08-31,-0.0251034286670071
usa,market_equity,monthly,vw,-1,4588,617,1973-09-30,0.0549677080444933
usa,market_equity,monthly,vw,-1,4559,619,1973-10-31,-0.00904056868454371
usa,market_equity,monthly,vw,-1,4520,623,1973-11-30,-0.0886630390730254
usa,market_equity,monthly,vw,-1,4423,624,1973-12-31,-0.0372288403779581
usa,market_equity,monthly,vw,-1,4363,633,1974-01-31,0.198314346997991
usa,market_equity,monthly,vw,-1,4354,621,1974-02-28,-0.00422844635134921
usa,market_equity,monthly,vw,-1,4342,617,1974-03-31,0.017638001969227
usa,market_equity,monthly,vw,-1,4329,618,1974-04-30,-0.0376007191023462
usa,market_equity,monthly,vw,-1,4319,613,1974-05-31,-0.0460229245901098
usa,market_equity,monthly,vw,-1,4298,611,1974-06-30,-0.0283832131401039
usa,market_equity,monthly,vw,-1,4270,612,1974-07-31,0.00829708277234558
usa,market_equity,monthly,vw,-1,4240,614,1974-08-31,-0.0216244750995183
usa,market_equity,monthly,vw,-1,4191,609,1974-09-30,0.00508714195675704
usa,market_equity,monthly,vw,-1,4156,613,1974-10-31,-0.0391375293404348
usa,market_equity,monthly,vw,-1,4119,616,1974-11-30,-0.0261858831593685
usa,market_equity,monthly,vw,-1,4067,625,1974-12-31,0.0304476242887202
usa,market_equity,monthly,vw,-1,4038,628,1975-01-31,0.160414193266945
usa,market_equity,monthly,vw,-1,4055,608,1975-02-28,-0.00824496055652321
usa,market_equity,monthly,vw,-1,4072,610,1975-03-31,0.0590520533063512
usa,market_equity,monthly,vw,-1,4095,597,1975-04-30,0.00240815040529097
usa,market_equity,monthly,vw,-1,4082,602,1975-05-31,0.00903972255510319
usa,market_equity,monthly,vw,-1,4080,602,1975-06-30,0.0260632318816915
usa,market_equity,monthly,vw,-1,4103,599,1975-07-31,0.0412440594495386
usa,market_equity,monthly,vw,-1,4112,600,1975-08-31,-0.025096307439469
usa,market_equity,monthly,vw,-1,4121,600,1975-09-30,0.00050577022338115
usa,market_equity,monthly,vw,-1,4120,600,1975-10-31,-0.0301510938023573
usa,market_equity,monthly,vw,-1,4124,601,1975-11-30,-0.0066261501458058
usa,market_equity,monthly,vw,-1,4114,601,1975-12-31,0.00226591189630812
usa,market_equity,monthly,vw,-1,4033,605,1976-01-31,0.0804627980562412
usa,market_equity,monthly,vw,-1,4046,599,1976-02-29,0.0939670038182427
usa,market_equity,monthly,vw,-1,4108,587,1976-03-31,-0.0288336513322264
usa,market_equity,monthly,vw,-1,4110,585,1976-04-30,-0.00692688195111663
usa,market_equity,monthly,vw,-1,4142,587,1976-05-31,-0.0153763790814805
usa,market_equity,monthly,vw,-1,4139,593,1976-06-30,-0.012963495734328
usa,market_equity,monthly,vw,-1,4152,591,1976-07-31,0.00407600706749136
usa,market_equity,monthly,vw,-1,3920,580,1976-08-31,-0.0348341009472457
usa,market_equity,monthly,vw,-1,3934,573,1976-09-30,0.00261772073835338
usa,market_equity,monthly,vw,-1,4179,588,1976-10-31,0.00606203685189173
usa,market_equity,monthly,vw,-1,4202,581,1976-11-30,0.0348895262295949
usa,market_equity,monthly,vw,-1,4218,591,1976-12-31,0.0447867536745164
usa,market_equity,monthly,vw,-1,4161,590,1977-01-31,0.0771078256160171
usa,market_equity,monthly,vw,-1,4151,584,1977-02-28,0.0136070908245261
usa,market_equity,monthly,vw,-1,4187,584,1977-03-31,0.0205350987170494
usa,market_equity,monthly,vw,-1,4182,585,1977-04-30,0.0157384273064832
usa,market_equity,monthly,vw,-1,4205,582,1977-05-31,0.0122744509823764
usa,market_equity,monthly,vw,-1,4201,580,1977-06-30,0.0118315694139662
usa,market_equity,monthly,vw,-1,4196,580,1977-07-31,0.0225609488039276
usa,market_equity,monthly,vw,-1,4176,581,1977-08-31,0.0108152328646746
usa,market_equity,monthly,vw,-1,4157,584,1977-09-30,0.0138923712951268
usa,market_equity,monthly,vw,-1,4140,587,1977-10-31,0.0184361555845342
usa,market_equity,monthly,vw,-1,4144,577,1977-11-30,0.0420319293782826
usa,market_equity,monthly,vw,-1,4148,569,1977-12-31,0.0158464877069832
usa,market_equity,monthly,vw,-1,4125,576,1978-01-31,0.0421155788060829
usa,market_equity,monthly,vw,-1,4113,577,1978-02-28,0.0406995856452641
usa,market_equity,monthly,vw,-1,4091,577,1978-03-31,0.0424005122598902
usa,market_equity,monthly,vw,-1,4091,570,1978-04-30,-0.00682736361416804
usa,market_equity,monthly,vw,-1,4110,575,1978-05-31,0.0491764018353
usa,market_equity,monthly,vw,-1,4089,573,1978-06-30,0.015811806024851
usa,market_equity,monthly,vw,-1,4061,578,1978-07-31,0.00201645931601056
usa,market_equity,monthly,vw,-1,4054,577,1978-08-31,0.0530867606056869
usa,market_equity,monthly,vw,-1,4047,581,1978-09-30,0.00102675043238294
usa,market_equity,monthly,vw,-1,4061,580,1978-10-31,-0.106809654106208
usa,market_equity,monthly,vw,-1,4057,588,1978-11-30,0.0295587707628074
usa,market_equity,monthly,vw,-1,4060,587,1978-12-31,0.00169015420356398
usa,market_equity,monthly,vw,-1,4061,589,1979-01-31,0.0532325438048236
usa,market_equity,monthly,vw,-1,4065,585,1979-02-28,0.0057354580243757
usa,market_equity,monthly,vw,-1,4059,579,1979-03-31,0.0298037879351434
usa,market_equity,monthly,vw,-1,4070,582,1979-04-30,0.0225622869014604
usa,market_equity,monthly,vw,-1,4050,584,1979-05-31,0.00132465265547499
usa,market_equity,monthly,vw,-1,4050,583,1979-06-30,0.0125629213075339
usa,market_equity,monthly,vw,-1,4055,578,1979-07-31,0.0164612710662732
usa,market_equity,monthly,vw,-1,4048,583,1979-08-31,0.0159856090915037
usa,market_equity,monthly,vw,-1,4052,572,1979-09-30,-0.0066859059732593
usa,market_equity,monthly,vw,-1,4049,574,1979-10-31,-0.0427721221347079
usa,market_equity,monthly,vw,-1,4047,587,1979-11-30,0.020890205475233
usa,market_equity,monthly,vw,-1,4047,585,1979-12-31,0.0493800098747382
usa,market_equity,monthly,vw,-1,4039,589,1980-01-31,0.028407078053483
usa,market_equity,monthly,vw,-1,4042,590,1980-02-29,-0.0228178239375176
usa,market_equity,monthly,vw,-1,4046,595,1980-03-31,-0.0683330140454216
usa,market_equity,monthly,vw,-1,4049,594,1980-04-30,0.014349185913276
usa,market_equity,monthly,vw,-1,4046,594,1980-05-31,0.0205613197637656
usa,market_equity,monthly,vw,-1,4045,601,1980-06-30,0.00825534865102619
usa,market_equity,monthly,vw,-1,4065,598,1980-07-31,0.037304529280406
usa,market_equity,monthly,vw,-1,4086,597,1980-08-31,0.0539952063827336
usa,market_equity,monthly,vw,-1,4087,601,1980-09-30,0.0104584130485652
usa,market_equity,monthly,vw,-1,4104,606,1980-10-31,0.0250653986696847
usa,market_equity,monthly,vw,-1,4132,604,1980-11-30,-0.0362098829561353
usa,market_equity,monthly,vw,-1,4151,611,1980-12-31,-0.00158154662310581
usa,market_equity,monthly,vw,-1,4190,618,1981-01-31,0.046022242952325
usa,market_equity,monthly,vw,-1,4255,602,1981-02-28,-0.0179152229132328
usa,market_equity,monthly,vw,-1,4273,599,1981-03-31,0.0379417124256039
usa,market_equity,monthly,vw,-1,4305,604,1981-04-30,0.0497640859307595
usa,market_equity,monthly,vw,-1,4355,608,1981-05-31,0.0193081429079956
usa,market_equity,monthly,vw,-1,4406,609,1981-06-30,-0.0128887811143006
usa,market_equity,monthly,vw,-1,4456,604,1981-07-31,-0.0257634320547314
usa,market_equity,monthly,vw,-1,4511,602,1981-08-31,-0.026588470907949
usa,market_equity,monthly,vw,-1,4521,611,1981-09-30,-0.0262349711637089
usa,market_equity,monthly,vw,-1,4538,604,1981-10-31,0.0223328268884807
usa,market_equity,monthly,vw,-1,4580,605,1981-11-30,-0.0200431980290845
usa,market_equity,monthly,vw,-1,4589,608,1981-12-31,0.0114809818722391
usa,market_equity,monthly,vw,-1,4605,605,1982-01-31,0.00166834870564908
usa,market_equity,monthly,vw,-1,4627,604,1982-02-28,0.00413962859799625
usa,market_equity,monthly,vw,-1,4629,605,1982-03-31,-0.0060907597291285
usa,market_equity,monthly,vw,-1,4630,593,1982-04-30,0.0166502420840287
usa,market_equity,monthly,vw,-1,4614,595,1982-05-31,0.000410968744978597
usa,market_equity,monthly,vw,-1,4599,596,1982-06-30,-0.0138734705843094
usa,market_equity,monthly,vw,-1,4585,596,1982-07-31,0.00595756929790078
usa,market_equity,monthly,vw,-1,4593,588,1982-08-31,-0.0597870176295985
usa,market_equity,monthly,vw,-1,4594,579,1982-09-30,0.0282330512809907
usa,market_equity,monthly,vw,-1,4555,589,1982-10-31,0.0246327260960649
usa,market_equity,monthly,vw,-1,4527,586,1982-11-30,0.0464798555712412
usa,market_equity,monthly,vw,-1,4713,597,1982-12-31,0.00168032671260846
usa,market_equity,monthly,vw,-1,4717,603,1983-01-31,0.0578180184957212
usa,market_equity,monthly,vw,-1,4717,612,1983-02-28,0.021840798714181
usa,market_equity,monthly,vw,-1,4727,609,1983-03-31,0.0121480473489086
usa,market_equity,monthly,vw,-1,4775,602,1983-04-30,0.00736089168427566
usa,market_equity,monthly,vw,-1,4787,614,1983-05-31,0.0834342928199535
usa,market_equity,monthly,vw,-1,4831,614,1983-06-30,0.00257838654800562
usa,market_equity,monthly,vw,-1,4903,617,1983-07-31,0.0108630204483334
usa,market_equity,monthly,vw,-1,4976,618,1983-08-31,-0.0492936145453527
usa,market_equity,monthly,vw,-1,5049,617,1983-09-30,-0.00937982321624879
usa,market_equity,monthly,vw,-1,5086,626,1983-10-31,-0.0464164361376915
usa,market_equity,monthly,vw,-1,5170,622,1983-11-30,0.0196249111044053
usa,market_equity,monthly,vw,-1,5235,613,1983-12-31,-0.00830581378645755
usa,market_equity,monthly,vw,-1,5318,617,1984-01-31,0.00413523883838589
usa,market_equity,monthly,vw,-1,5371,624,1984-02-29,-0.0235500421101276
usa,market_equity,monthly,vw,-1,5411,617,1984-03-31,-0.0103636090875293
usa,market_equity,monthly,vw,-1,5453,619,1984-04-30,-0.0206450080696417
usa,market_equity,monthly,vw,-1,5477,617,1984-05-31,-0.00025087973075251
usa,market_equity,monthly,vw,-1,5503,612,1984-06-30,-0.00276370542481428
usa,market_equity,monthly,vw,-1,5500,613,1984-07-31,-0.0332305984678433
usa,market_equity,monthly,vw,-1,5504,621,1984-08-31,-0.00558739443738429
usa,market_equity,monthly,vw,-1,5507,619,1984-09-30,-0.00505722145040474
usa,market_equity,monthly,vw,-1,5481,617,1984-10-31,-0.0220414340117222
usa,market_equity,monthly,vw,-1,5469,620,1984-11-30,-0.0186303655788205
usa,market_equity,monthly,vw,-1,5465,616,1984-12-31,-0.0112022575102027
usa,market_equity,monthly,vw,-1,5459,624,1985-01-31,0.0522923732392485
usa,market_equity,monthly,vw,-1,5449,618,1985-02-28,0.0159353944309406
usa,market_equity,monthly,vw,-1,5431,621,1985-03-31,-0.0182532379444324
usa,market_equity,monthly,vw,-1,5421,625,1985-04-30,-0.00815067273945208
usa,market_equity,monthly,vw,-1,5408,631,1985-05-31,-0.029948200011185
usa,market_equity,monthly,vw,-1,5401,626,1985-06-30,-0.00817366514342516
usa,market_equity,monthly,vw,-1,5396,632,1985-07-31,0.0346313355830573
usa,market_equity,monthly,vw,-1,5395,637,1985-08-31,0.00134265516531084
usa,market_equity,monthly,vw,-1,5381,640,1985-09-30,-0.0234906199692612
usa,market_equity,monthly,vw,-1,5379,637,1985-10-31,-0.0155371138221189
usa,market_equity,monthly,vw,-1,5385,649,1985-11-30,-0.00367808568273686
usa,market_equity,monthly,vw,-1,5382,648,1985-12-31,-0.00461361921880654
usa,market_equity,monthly,vw,-1,5351,643,1986-01-31,0.022278061302761
usa,market_equity,monthly,vw,-1,5318,650,1986-02-28,-0.00558326822055265
usa,market_equity,monthly,vw,-1,5334,646,1986-03-31,-0.00847399964991962
usa,market_equity,monthly,vw,-1,5352,645,1986-04-30,0.0294344239353003
usa,market_equity,monthly,vw,-1,5365,649,1986-05-31,-0.0179549710251919
usa,market_equity,monthly,vw,-1,5402,657,1986-06-30,-0.0123003268929131
usa,market_equity,monthly,vw,-1,5456,669,1986-07-31,-0.0295437748172701
usa,market_equity,monthly,vw,-1,5508,677,1986-08-31,-0.0487134108771992
usa,market_equity,monthly,vw,-1,5546,669,1986-09-30,0.0180854683294761
usa,market_equity,monthly,vw,-1,5575,666,1986-10-31,-0.0232389477479889
usa,market_equity,monthly,vw,-1,5600,673,1986-11-30,-0.027532208506335
usa,market_equity,monthly,vw,-1,5638,663,1986-12-31,-0.00331660581266904
usa,market_equity,monthly,vw,-1,5644,657,1987-01-31,-0.0170226442721107
usa,market_equity,monthly,vw,-1,5642,663,1987-02-28,0.0353185947540576
usa,market_equity,monthly,vw,-1,5695,667,1987-03-31,0.00600448573522787
usa,market_equity,monthly,vw,-1,5734,668,1987-04-30,-0.013409661166768
usa,market_equity,monthly,vw,-1,5767,667,1987-05-31,-0.0146983033499602
usa,market_equity,monthly,vw,-1,5820,665,1987-06-30,-0.0298814539037681
usa,market_equity,monthly,vw,-1,5872,667,1987-07-31,-0.017234399232276
usa,market_equity,monthly,vw,-1,5916,666,1987-08-31,-0.0156613268178979
usa,market_equity,monthly,vw,-1,5953,672,1987-09-30,-0.000437066048730939
usa,market_equity,monthly,vw,-1,6007,661,1987-10-31,-0.0808756092645937
usa,market_equity,monthly,vw,-1,5977,677,1987-11-30,0.0266211671811846
usa,market_equity,monthly,vw,-1,5943,686,1987-12-31,-0.020578091548541
usa,market_equity,monthly,vw,-1,5925,685,1988-01-31,0.0169393393363799
usa,market_equity,monthly,vw,-1,5915,677,1988-02-29,0.0275504741450843
usa,market_equity,monthly,vw,-1,5883,678,1988-03-31,0.0689641043160683
usa,market_equity,monthly,vw,-1,5865,683,1988-04-30,0.00694321715420623
usa,market_equity,monthly,vw,-1,5856,677,1988-05-31,-0.028819896538931
usa,market_equity,monthly,vw,-1,5829,681,1988-06-30,0.0131760235902821
usa,market_equity,monthly,vw,-1,5819,683,1988-07-31,0.00295976999874795
usa,market_equity,monthly,vw,-1,5816,675,1988-08-31,0.0019102966112934
usa,market_equity,monthly,vw,-1,5791,673,1988-09-30,-0.0186991854388639
usa,market_equity,monthly,vw,-1,5761,663,1988-10-31,-0.0345863849144568
usa,market_equity,monthly,vw,-1,5768,657,1988-11-30,-0.0210432198337048
usa,market_equity,monthly,vw,-1,5731,656,1988-12-31,0.0126787441724838
usa,market_equity,monthly,vw,-1,5692,651,1989-01-31,-0.022256908765306
usa,market_equity,monthly,vw,-1,5683,650,1989-02-28,0.0288967029817685
usa,market_equity,monthly,vw,-1,5666,645,1989-03-31,-0.00025265963793036
usa,market_equity,monthly,vw,-1,5649,639,1989-04-30,-0.01786332827588
usa,market_equity,monthly,vw,-1,5623,651,1989-05-31,-0.00967998286035045
usa,market_equity,monthly,vw,-1,5604,647,1989-06-30,-0.010843763727892
usa,market_equity,monthly,vw,-1,5570,651,1989-07-31,-0.0496165510598429
usa,market_equity,monthly,vw,-1,5578,651,1989-08-31,0.00440167235744374
usa,market_equity,monthly,vw,-1,5546,660,1989-09-30,0.00453473869985371
usa,market_equity,monthly,vw,-1,5521,650,1989-10-31,-0.0345848011037567
usa,market_equity,monthly,vw,-1,5504,660,1989-11-30,-0.0183722274141238
usa,market_equity,monthly,vw,-1,5519,648,1989-12-31,-0.0299785796785967
usa,market_equity,monthly,vw,-1,5525,650,1990-01-31,-0.00573454012262478
usa,market_equity,monthly,vw,-1,5505,652,1990-02-28,0.00967483419360448
usa,market_equity,monthly,vw,-1,5499,653,1990-03-31,0.0072216909042907
usa,market_equity,monthly,vw,-1,5492,654,1990-04-30,-0.00376134733567023
usa,market_equity,monthly,vw,-1,5478,666,1990-05-31,-0.0359014823467452
usa,market_equity,monthly,vw,-1,5472,665,1990-06-30,0.0120721294707549
usa,market_equity,monthly,vw,-1,5459,679,1990-07-31,-0.0350919660014175
usa,market_equity,monthly,vw,-1,5460,676,1990-08-31,-0.0432295408468783
usa,market_equity,monthly,vw,-1,5442,677,1990-09-30,-0.0476025079437558
usa,market_equity,monthly,vw,-1,5429,677,1990-10-31,-0.058257153201042
usa,market_equity,monthly,vw,-1,5386,698,1990-11-30,-0.0129931117975172
usa,market_equity,monthly,vw,-1,5347,704,1990-12-31,-0.0140987604865242
usa,market_equity,monthly,vw,-1,5338,702,1991-01-31,0.0386199002721681
usa,market_equity,monthly,vw,-1,5323,696,1991-02-28,0.0585526984718721
usa,market_equity,monthly,vw,-1,5302,701,1991-03-31,0.0508697420197975
usa,market_equity,monthly,vw,-1,5285,691,1991-04-30,0.00436953134505914
usa,market_equity,monthly,vw,-1,5276,697,1991-05-31,-0.0108802627795393
usa,market_equity,monthly,vw,-1,5285,692,1991-06-30,0.00681952038179943
usa,market_equity,monthly,vw,-1,5309,698,1991-07-31,-0.0146901430474904
usa,market_equity,monthly,vw,-1,5294,712,1991-08-31,0.00604661348009769
usa,market_equity,monthly,vw,-1,5318,718,1991-09-30,0.023390751584043
usa,market_equity,monthly,vw,-1,5311,725,1991-10-31,0.00813665270164232
usa,market_equity,monthly,vw,-1,5313,745,1991-11-30,-0.00028717086248773
usa,market_equity,monthly,vw,-1,5336,744,1991-12-31,-0.0534062924284475
usa,market_equity,monthly,vw,-1,5332,745,1992-01-31,0.130547718637911
usa,market_equity,monthly,vw,-1,5342,758,1992-02-29,0.0232025027749079
usa,market_equity,monthly,vw,-1,5381,735,1992-03-31,-0.0130515395325967
usa,market_equity,monthly,vw,-1,5449,719,1992-04-30,-0.0736537040201519
usa,market_equity,monthly,vw,-1,5451,726,1992-05-31,-0.00605401131830727
usa,market_equity,monthly,vw,-1,5432,735,1992-06-30,-0.0338734409251376
usa,market_equity,monthly,vw,-1,5423,737,1992-07-31,-0.00719953548130706
usa,market_equity,monthly,vw,-1,5416,737,1992-08-31,-0.00904869185505948
usa,market_equity,monthly,vw,-1,5409,744,1992-09-30,0.00539640723450833
usa,market_equity,monthly,vw,-1,5403,748,1992-10-31,0.0211905670327243
usa,market_equity,monthly,vw,-1,5424,742,1992-11-30,0.0513696720898294
usa,market_equity,monthly,vw,-1,5413,760,1992-12-31,0.0207967456555072
usa,market_equity,monthly,vw,-1,5466,760,1993-01-31,0.0385436801591362
usa,market_equity,monthly,vw,-1,5472,755,1993-02-28,-0.0389241683738579
usa,market_equity,monthly,vw,-1,5515,744,1993-03-31,-2.10830454679435e-05
usa,market_equity,monthly,vw,-1,5563,745,1993-04-30,-0.000932581904234783
usa,market_equity,monthly,vw,-1,5599,749,1993-05-31,0.0161087904395029
usa,market_equity,monthly,vw,-1,5645,749,1993-06-30,-5.86087737833086e-05
usa,market_equity,monthly,vw,-1,5683,756,1993-07-31,0.0149374433642115
usa,market_equity,monthly,vw,-1,5722,757,1993-08-31,0.00584747759085332
usa,market_equity,monthly,vw,-1,5755,771,1993-09-30,0.0338351542314996
usa,market_equity,monthly,vw,-1,5800,780,1993-10-31,0.0213689062226861
usa,market_equity,monthly,vw,-1,5859,787,1993-11-30,-0.0152139136649996
usa,market_equity,monthly,vw,-1,5947,773,1993-12-31,0.00472801258265079
usa,market_equity,monthly,vw,-1,6040,780,1994-01-31,0.010581332803766
usa,market_equity,monthly,vw,-1,6060,790,1994-02-28,0.0175320402977507
usa,market_equity,monthly,vw,-1,6082,806,1994-03-31,-0.0124782694679244
usa,market_equity,monthly,vw,-1,6145,804,1994-04-30,-0.0252484022420594
usa,market_equity,monthly,vw,-1,6182,796,1994-05-31,-0.0211522964837521
usa,market_equity,monthly,vw,-1,6225,810,1994-06-30,-0.00628774578620215
usa,market_equity,monthly,vw,-1,6266,802,1994-07-31,-0.0211568108785412
usa,market_equity,monthly,vw,-1,6274,803,1994-08-31,0.00808621427715616
usa,market_equity,monthly,vw,-1,6290,801,1994-09-30,0.0297946969357373
usa,market_equity,monthly,vw,-1,6291,803,1994-10-31,-0.0198771212492944
usa,market_equity,monthly,vw,-1,6311,805,1994-11-30,-0.00342576430559415
usa,market_equity,monthly,vw,-1,6315,824,1994-12-31,-0.0120530237057351
usa,market_equity,monthly,vw,-1,6310,827,1995-01-31,-0.0135657256855363
usa,market_equity,monthly,vw,-1,6313,816,1995-02-28,-0.010102958444505
usa,market_equity,monthly,vw,-1,6330,813,1995-03-31,-0.00442500638109322
usa,market_equity,monthly,vw,-1,6312,832,1995-04-30,0.00176869211535762
usa,market_equity,monthly,vw,-1,6317,842,1995-05-31,-0.0166734539619998
usa,market_equity,monthly,vw,-1,6330,832,1995-06-30,0.0321418527941925
usa,market_equity,monthly,vw,-1,6314,865,1995-07-31,0.0250560100784988
usa,market_equity,monthly,vw,-1,6341,882,1995-08-31,0.0257267814041764
usa,market_equity,monthly,vw,-1,6367,892,1995-09-30,-0.0197177521578877
usa,market_equity,monthly,vw,-1,6377,901,1995-10-31,-0.0492424665377469
usa,market_equity,monthly,vw,-1,6417,907,1995-11-30,-0.0143289495555169
usa,market_equity,monthly,vw,-1,6456,905,1995-12-31,0.00442015531896866
usa,market_equity,monthly,vw,-1,6510,912,1996-01-31,-0.0157710982644175
usa,market_equity,monthly,vw,-1,6515,909,1996-02-29,0.0179938880230183
usa,market_equity,monthly,vw,-1,6548,913,1996-03-31,0.0154462136606531
usa,market_equity,monthly,vw,-1,6608,911,1996-04-30,0.0581177062173816
usa,market_equity,monthly,vw,-1,6637,939,1996-05-31,0.0373704972206692
usa,market_equity,monthly,vw,-1,6708,937,1996-06-30,-0.0463385716356481
usa,market_equity,monthly,vw,-1,6747,963,1996-07-31,-0.0516736005934865
usa,market_equity,monthly,vw,-1,6812,941,1996-08-31,0.0264780008437785
usa,market_equity,monthly,vw,-1,6834,948,1996-09-30,-0.0217525389895833
usa,market_equity,monthly,vw,-1,6849,965,1996-10-31,-0.0450212916965226
usa,market_equity,monthly,vw,-1,6923,953,1996-11-30,-0.0458217032416513
usa,market_equity,monthly,vw,-1,6965,962,1996-12-31,0.0345988192037594
usa,market_equity,monthly,vw,-1,6980,964,1997-01-31,-0.0115347412177322
usa,market_equity,monthly,vw,-1,6977,956,1997-02-28,-0.0250714516140622
usa,market_equity,monthly,vw,-1,7017,937,1997-03-31,-0.0129094694860593
usa,market_equity,monthly,vw,-1,7019,935,1997-04-30,-0.0846389945044938
usa,market_equity,monthly,vw,-1,7034,923,1997-05-31,0.0590993052152346
usa,market_equity,monthly,vw,-1,7019,936,1997-06-30,0.0131475185381294
usa,market_equity,monthly,vw,-1,7018,944,1997-07-31,-0.0307700479981934
usa,market_equity,monthly,vw,-1,7020,940,1997-08-31,0.0849911376257791
usa,market_equity,monthly,vw,-1,7005,930,1997-09-30,0.0335998251202818
usa,market_equity,monthly,vw,-1,6995,940,1997-10-31,-0.0034569784277108
usa,market_equity,monthly,vw,-1,7017,947,1997-11-30,-0.0627807867633042
usa,market_equity,monthly,vw,-1,7048,950,1997-12-31,-0.0285184844374449
usa,market_equity,monthly,vw,-1,7020,940,1998-01-31,-0.0101055793056943
usa,market_equity,monthly,vw,-1,6992,938,1998-02-28,-0.00249165275505593
usa,market_equity,monthly,vw,-1,6975,943,1998-03-31,-0.000869507760462254
usa,market_equity,monthly,vw,-1,6934,943,1998-04-30,0.00736906849959388
usa,market_equity,monthly,vw,-1,6944,942,1998-05-31,-0.0320062767015498
usa,market_equity,monthly,vw,-1,6943,938,1998-06-30,-0.062859979380397
usa,market_equity,monthly,vw,-1,6917,953,1998-07-31,-0.0534016753500578
usa,market_equity,monthly,vw,-1,6902,949,1998-08-31,-0.0606702146451817
usa,market_equity,monthly,vw,-1,6875,935,1998-09-30,-0.00747810948751831
usa,market_equity,monthly,vw,-1,6788,946,1998-10-31,-0.0379512382065449
usa,market_equity,monthly,vw,-1,6679,952,1998-11-30,0.0115459752521669
usa,market_equity,monthly,vw,-1,6633,962,1998-12-31,-0.034562753620322
usa,market_equity,monthly,vw,-1,6574,965,1999-01-31,-0.00671568256220901
usa,market_equity,monthly,vw,-1,6508,981,1999-02-28,-0.0337808941682022
usa,market_equity,monthly,vw,-1,6468,981,1999-03-31,-0.0532644044367095
usa,market_equity,monthly,vw,-1,6395,981,1999-04-30,0.0534895308618871
usa,market_equity,monthly,vw,-1,6375,960,1999-05-31,0.0561700783568133
usa,market_equity,monthly,vw,-1,6368,960,1999-06-30,0.00404391461134819
usa,market_equity,monthly,vw,-1,6327,986,1999-07-31,0.0325261151122161
usa,market_equity,monthly,vw,-1,6312,988,1999-08-31,-0.0289784333250096
usa,market_equity,monthly,vw,-1,6276,988,1999-09-30,0.0198930384589324
usa,market_equity,monthly,vw,-1,6238,1001,1999-10-31,-0.0787024830173349
usa,market_equity,monthly,vw,-1,6215,1023,1999-11-30,0.0619769819015091
usa,market_equity,monthly,vw,-1,6152,1061,1999-12-31,0.00777195988661683
usa,market_equity,monthly,vw,-1,6122,1092,2000-01-31,0.0790161559148812
usa,market_equity,monthly,vw,-1,6068,1106,2000-02-29,0.119141357540348
usa,market_equity,monthly,vw,-1,6026,1154,2000-03-31,-0.0707221670886107
usa,market_equity,monthly,vw,-1,6033,1142,2000-04-30,-0.0509360262814148
usa,market_equity,monthly,vw,-1,6099,1087,2000-05-31,-0.0374435121323098
usa,market_equity,monthly,vw,-1,6138,1037,2000-06-30,0.0793251223197186
usa,market_equity,monthly,vw,-1,6087,1056,2000-07-31,-0.012121247108024
usa,market_equity,monthly,vw,-1,6094,1054,2000-08-31,-0.00775697465903433
usa,market_equity,monthly,vw,-1,6090,1073,2000-09-30,0.00918960897937018
usa,market_equity,monthly,vw,-1,6058,1063,2000-10-31,-0.0587824573602826
usa,market_equity,monthly,vw,-1,6030,1033,2000-11-30,-0.0313676190719735
usa,market_equity,monthly,vw,-1,6016,976,2000-12-31,-0.00750929145688612
usa,market_equity,monthly,vw,-1,5966,946,2001-01-31,0.166740025324992
usa,market_equity,monthly,vw,-1,5887,951,2001-02-28,0.00623434448620235
usa,market_equity,monthly,vw,-1,5878,899,2001-03-31,-0.00459078398594286
usa,market_equity,monthly,vw,-1,5840,882,2001-04-30,0.000308607563368174
usa,market_equity,monthly,vw,-1,5768,879,2001-05-31,0.0739175307135391
usa,market_equity,monthly,vw,-1,5703,884,2001-06-30,0.0671415751930306
usa,market_equity,monthly,vw,-1,5647,873,2001-07-31,-0.0322108056619974
usa,market_equity,monthly,vw,-1,5615,857,2001-08-31,0.0192093250320639
usa,market_equity,monthly,vw,-1,5555,834,2001-09-30,-0.0701758875877297
usa,market_equity,monthly,vw,-1,5516,831,2001-10-31,0.0630289597815534
usa,market_equity,monthly,vw,-1,5466,848,2001-11-30,0.0143703131871491
usa,market_equity,monthly,vw,-1,5408,846,2001-12-31,0.0676872793278213
usa,market_equity,monthly,vw,-1,5370,846,2002-01-31,0.0106781539825094
usa,market_equity,monthly,vw,-1,5349,823,2002-02-28,-0.025113318266509
usa,market_equity,monthly,vw,-1,5331,799,2002-03-31,0.0510400482803149
usa,market_equity,monthly,vw,-1,5297,793,2002-04-30,0.0555261865872529
usa,market_equity,monthly,vw,-1,5290,764,2002-05-31,-0.030691871871901
usa,market_equity,monthly,vw,-1,5269,746,2002-06-30,0.0207579647691474
usa,market_equity,monthly,vw,-1,5257,742,2002-07-31,-0.0711168468884341
usa,market_equity,monthly,vw,-1,5225,737,2002-08-31,-0.0112248182959941
usa,market_equity,monthly,vw,-1,5173,734,2002-09-30,0.0202337146126628
usa,market_equity,monthly,vw,-1,5147,724,2002-10-31,-0.0392780485163673
usa,market_equity,monthly,vw,-1,5080,745,2002-11-30,0.0641938236293355
usa,market_equity,monthly,vw,-1,5069,740,2002-12-31,0.00930661036481912
usa,market_equity,monthly,vw,-1,5052,727,2003-01-31,0.0055457724201666
usa,market_equity,monthly,vw,-1,5011,724,2003-02-28,-0.0159776510042344
usa,market_equity,monthly,vw,-1,4960,729,2003-03-31,0.00184160375638667
usa,market_equity,monthly,vw,-1,4906,725,2003-04-30,0.0291612766112044
usa,market_equity,monthly,vw,-1,4876,714,2003-05-31,0.075082893449754
usa,market_equity,monthly,vw,-1,4837,726,2003-06-30,0.0276429832686905
usa,market_equity,monthly,vw,-1,4803,720,2003-07-31,0.0575916977256021
usa,market_equity,monthly,vw,-1,4776,724,2003-08-31,0.0293967117239665
usa,market_equity,monthly,vw,-1,4754,718,2003-09-30,0.0146231845437077
usa,market_equity,monthly,vw,-1,4734,727,2003-10-31,0.0342869710434904
usa,market_equity,monthly,vw,-1,4720,729,2003-11-30,0.0268881550363411
usa,market_equity,monthly,vw,-1,4708,729,2003-12-31,-0.0175270365042684
usa,market_equity,monthly,vw,-1,4723,716,2004-01-31,0.0390439897906953
usa,market_equity,monthly,vw,-1,4704,719,2004-02-29,-0.00943917379286652
usa,market_equity,monthly,vw,-1,4717,707,2004-03-31,0.0148400643962256
usa,market_equity,monthly,vw,-1,4712,709,2004-04-30,-0.0324836694369621
usa,market_equity,monthly,vw,-1,4709,697,2004-05-31,-0.0084420157985724
usa,market_equity,monthly,vw,-1,4699,697,2004-06-30,0.0170222439514977
usa,market_equity,monthly,vw,-1,4701,686,2004-07-31,-0.038437919117972
usa,market_equity,monthly,vw,-1,4705,678,2004-08-31,-0.0162918793530142
usa,market_equity,monthly,vw,-1,4703,672,2004-09-30,0.0368879905476205
usa,market_equity,monthly,vw,-1,4703,671,2004-10-31,0.00621415114894549
usa,market_equity,monthly,vw,-1,4703,673,2004-11-30,0.0484470012793735
usa,market_equity,monthly,vw,-1,4701,672,2004-12-31,0.00897398826113803
usa,market_equity,monthly,vw,-1,4698,677,2005-01-31,-0.015883860619458
usa,market_equity,monthly,vw,-1,4696,671,2005-02-28,-0.00839616960708978
usa,market_equity,monthly,vw,-1,4695,672,2005-03-31,-0.0180204849820667
usa,market_equity,monthly,vw,-1,4691,666,2005-04-30,-0.0422737404123043
usa,market_equity,monthly,vw,-1,4684,667,2005-05-31,0.0266059586187027
usa,market_equity,monthly,vw,-1,4670,666,2005-06-30,0.0362235995442025
usa,market_equity,monthly,vw,-1,4671,667,2005-07-31,0.0253437316908941
usa,market_equity,monthly,vw,-1,4663,676,2005-08-31,-0.00891517641266851
usa,market_equity,monthly,vw,-1,4659,677,2005-09-30,-0.00498363754172318
usa,market_equity,monthly,vw,-1,4651,680,2005-10-31,-0.0127245709340608
usa,market_equity,monthly,vw,-1,4652,674,2005-11-30,0.00598562149445944
usa,market_equity,monthly,vw,-1,4640,678,2005-12-31,0.00366822778126995
usa,market_equity,monthly,vw,-1,4629,679,2006-01-31,0.0575276080217836
usa,market_equity,monthly,vw,-1,4615,670,2006-02-28,0.00211583645815728
usa,market_equity,monthly,vw,-1,4610,674,2006-03-31,0.0331948098142046
usa,market_equity,monthly,vw,-1,4607,663,2006-04-30,-0.00982576899745456
usa,market_equity,monthly,vw,-1,4612,664,2006-05-31,-0.0265179299797719
usa,market_equity,monthly,vw,-1,4609,661,2006-06-30,-0.0121796055721901
usa,market_equity,monthly,vw,-1,4608,665,2006-07-31,-0.0393042191845948
usa,market_equity,monthly,vw,-1,4601,663,2006-08-31,0.00743375443868291
usa,market_equity,monthly,vw,-1,4591,666,2006-09-30,-0.0149606313820965
usa,market_equity,monthly,vw,-1,4592,664,2006-10-31,0.0220703949289387
usa,market_equity,monthly,vw,-1,4587,666,2006-11-30,0.00773818526422097
usa,market_equity,monthly,vw,-1,4594,658,2006-12-31,-0.00344479709940297
usa,market_equity,monthly,vw,-1,4581,661,2007-01-31,-0.00209603749897657
usa,market_equity,monthly,vw,-1,4559,659,2007-02-28,0.0137788874315323
usa,market_equity,monthly,vw,-1,4557,661,2007-03-31,-0.00654584984317293
usa,market_equity,monthly,vw,-1,4548,659,2007-04-30,-0.0208196826814746
usa,market_equity,monthly,vw,-1,4542,654,2007-05-31,-0.00837009164782708
usa,market_equity,monthly,vw,-1,4548,657,2007-06-30,0.00348350958769107
usa,market_equity,monthly,vw,-1,4546,662,2007-07-31,-0.034526019105246
usa,market_equity,monthly,vw,-1,4538,668,2007-08-31,-0.0104204293583767
usa,market_equity,monthly,vw,-1,4533,669,2007-09-30,-0.026071114974695
usa,market_equity,monthly,vw,-1,4505,672,2007-10-31,-0.00145695593547232
usa,market_equity,monthly,vw,-1,4493,678,2007-11-30,-0.0436479456830558
usa,market_equity,monthly,vw,-1,4473,684,2007-12-31,-0.00129742761098666
usa,market_equity,monthly,vw,-1,4474,687,2008-01-31,-0.00225407248343458
usa,market_equity,monthly,vw,-1,4482,676,2008-02-29,-0.0140276426221487
usa,market_equity,monthly,vw,-1,4475,668,2008-03-31,-0.00227186749684251
usa,market_equity,monthly,vw,-1,4452,669,2008-04-30,-0.028600854523653
usa,market_equity,monthly,vw,-1,4429,671,2008-05-31,0.0242687426571185
usa,market_equity,monthly,vw,-1,4406,673,2008-06-30,-0.0243777120335342
usa,market_equity,monthly,vw,-1,4380,679,2008-07-31,0.0533801354144749
usa,market_equity,monthly,vw,-1,4353,682,2008-08-31,0.0284197805809163
usa,market_equity,monthly,vw,-1,4332,678,2008-09-30,0.00797392453846377
usa,market_equity,monthly,vw,-1,4320,662,2008-10-31,-0.0518794089808698
usa,market_equity,monthly,vw,-1,4247,694,2008-11-30,-0.0644369142778939
usa,market_equity,monthly,vw,-1,4215,697,2008-12-31,0.04673679431546
usa,market_equity,monthly,vw,-1,4186,692,2009-01-31,-0.00543726609436285
usa,market_equity,monthly,vw,-1,4154,697,2009-02-28,-0.0227230871408374
usa,market_equity,monthly,vw,-1,4113,708,2009-03-31,0.023179955069319
usa,market_equity,monthly,vw,-1,4082,706,2009-04-30,0.125013476773204
usa,market_equity,monthly,vw,-1,4081,674,2009-05-31,0.0105485497618022
usa,market_equity,monthly,vw,-1,4051,672,2009-06-30,0.0313079137025159
usa,market_equity,monthly,vw,-1,4033,671,2009-07-31,0.0171178919020321
usa,market_equity,monthly,vw,-1,4021,664,2009-08-31,0.0156487452103349
usa,market_equity,monthly,vw,-1,4024,652,2009-09-30,0.0331144142063992
usa,market_equity,monthly,vw,-1,4017,647,2009-10-31,-0.0487886320181634
usa,market_equity,monthly,vw,-1,3998,653,2009-11-30,-0.0320929637920148
usa,market_equity,monthly,vw,-1,3982,653,2009-12-31,0.0573772373925167
usa,market_equity,monthly,vw,-1,3954,658,2010-01-31,0.014471704818197
usa,market_equity,monthly,vw,-1,3942,655,2010-02-28,0.00971927461757485
usa,market_equity,monthly,vw,-1,3928,654,2010-03-31,0.0216351062018865
usa,market_equity,monthly,vw,-1,3918,656,2010-04-30,0.05087496870627
usa,market_equity,monthly,vw,-1,3912,651,2010-05-31,0.000352508393896223
usa,market_equity,monthly,vw,-1,3908,655,2010-06-30,-0.0258403244974895
usa,market_equity,monthly,vw,-1,3893,669,2010-07-31,-0.00888156006561735
usa,market_equity,monthly,vw,-1,3876,663,2010-08-31,-0.0297922554584191
usa,market_equity,monthly,vw,-1,3874,663,2010-09-30,0.0356856320222743
usa,market_equity,monthly,vw,-1,3863,657,2010-10-31,0.00746217356137725
usa,market_equity,monthly,vw,-1,3844,664,2010-11-30,0.0328441672486166
usa,market_equity,monthly,vw,-1,3834,661,2010-12-31,0.0240901894922376
usa,market_equity,monthly,vw,-1,3815,664,2011-01-31,-0.0274310546756051
usa,market_equity,monthly,vw,-1,3817,662,2011-02-28,0.0127259399029431
usa,market_equity,monthly,vw,-1,3821,655,2011-03-31,0.0175447519754088
usa,market_equity,monthly,vw,-1,3797,659,2011-04-30,-0.00957194438219068
usa,market_equity,monthly,vw,-1,3776,657,2011-05-31,-0.00637115457116803
usa,market_equity,monthly,vw,-1,3764,659,2011-06-30,-0.00953433566816344
usa,market_equity,monthly,vw,-1,3732,660,2011-07-31,-0.013090301053407
usa,market_equity,monthly,vw,-1,3731,660,2011-08-31,-0.0446908962718901
usa,market_equity,monthly,vw,-1,3727,658,2011-09-30,-0.0416048770728148
usa,market_equity,monthly,vw,-1,3718,661,2011-10-31,0.0387348823010833
usa,market_equity,monthly,vw,-1,3724,663,2011-11-30,-0.0124363881616236
usa,market_equity,monthly,vw,-1,3706,661,2011-12-31,-0.00442868589962009
usa,market_equity,monthly,vw,-1,3694,661,2012-01-31,0.0413800801803022
usa,market_equity,monthly,vw,-1,3688,657,2012-02-29,-0.0163757747261676
usa,market_equity,monthly,vw,-1,3684,657,2012-03-31,0.000143378430959174
usa,market_equity,monthly,vw,-1,3680,660,2012-04-30,-0.0139211140948631
usa,market_equity,monthly,vw,-1,3672,661,2012-05-31,-0.0132190191682714
usa,market_equity,monthly,vw,-1,3662,668,2012-06-30,0.0129465523768467
usa,market_equity,monthly,vw,-1,3644,667,2012-07-31,-0.0290090656631385
usa,market_equity,monthly,vw,-1,3629,670,2012-08-31,0.00361110062329276
usa,market_equity,monthly,vw,-1,3623,663,2012-09-30,0.0162172835681955
usa,market_equity,monthly,vw,-1,3601,667,2012-10-31,-0.0141616804719169
usa,market_equity,monthly,vw,-1,3596,665,2012-11-30,-0.00218372879947975
usa,market_equity,monthly,vw,-1,3592,656,2012-12-31,0.0239054132463547
usa,market_equity,monthly,vw,-1,3573,656,2013-01-31,0.00619824546810609
usa,market_equity,monthly,vw,-1,3564,654,2013-02-28,-0.00173306671938254
usa,market_equity,monthly,vw,-1,3554,655,2013-03-31,0.0103484160986257
usa,market_equity,monthly,vw,-1,3548,652,2013-04-30,-0.0265766633707598
usa,market_equity,monthly,vw,-1,3538,657,2013-05-31,0.034608780138725
usa,market_equity,monthly,vw,-1,3538,658,2013-06-30,0.0177757662885752
usa,market_equity,monthly,vw,-1,3533,663,2013-07-31,0.0185704419787704
usa,market_equity,monthly,vw,-1,3533,666,2013-08-31,0.000234187522702344
usa,market_equity,monthly,vw,-1,3531,669,2013-09-30,0.0264322832003436
usa,market_equity,monthly,vw,-1,3548,668,2013-10-31,-0.0266126564717518
usa,market_equity,monthly,vw,-1,3546,674,2013-11-30,0.0213843728989019
usa,market_equity,monthly,vw,-1,3544,681,2013-12-31,0.00142515716990882
usa,market_equity,monthly,vw,-1,3548,677,2014-01-31,0.0170511971111829
usa,market_equity,monthly,vw,-1,3552,684,2014-02-28,0.000122444837711989
usa,market_equity,monthly,vw,-1,3550,690,2014-03-31,-0.0073454181482711
usa,market_equity,monthly,vw,-1,3579,685,2014-04-30,-0.0534920616341237
usa,market_equity,monthly,vw,-1,3586,686,2014-05-31,-0.0234157313696672
usa,market_equity,monthly,vw,-1,3594,693,2014-06-30,0.0380610074480779
usa,market_equity,monthly,vw,-1,3604,707,2014-07-31,-0.0484253744453237
usa,market_equity,monthly,vw,-1,3625,709,2014-08-31,0.00681290916113096
usa,market_equity,monthly,vw,-1,3633,708,2014-09-30,-0.0412117771139257
usa,market_equity,monthly,vw,-1,3624,724,2014-10-31,0.022980155794055
usa,market_equity,monthly,vw,-1,3631,729,2014-11-30,-0.0329049664061068
usa,market_equity,monthly,vw,-1,3636,737,2014-12-31,0.0355630532845908
usa,market_equity,monthly,vw,-1,3628,740,2015-01-31,-0.0180021914019417
usa,market_equity,monthly,vw,-1,3631,733,2015-02-28,0.0115394047045142
usa,market_equity,monthly,vw,-1,3624,732,2015-03-31,0.0234933448171277
usa,market_equity,monthly,vw,-1,3620,727,2015-04-30,-0.0198713423999587
usa,market_equity,monthly,vw,-1,3627,726,2015-05-31,0.00364603318152914
usa,market_equity,monthly,vw,-1,3627,730,2015-06-30,0.0259801664923578
usa,market_equity,monthly,vw,-1,3637,736,2015-07-31,-0.0546143664740643
usa,market_equity,monthly,vw,-1,3646,731,2015-08-31,0.00736208446196827
usa,market_equity,monthly,vw,-1,3647,734,2015-09-30,-0.0406805990314883
usa,market_equity,monthly,vw,-1,3632,739,2015-10-31,-0.0219013115080724
usa,market_equity,monthly,vw,-1,3626,737,2015-11-30,0.0344226362616731
usa,market_equity,monthly,vw,-1,3632,738,2015-12-31,-0.0270919692770528
usa,market_equity,monthly,vw,-1,3603,742,2016-01-31,-0.05442479038462
usa,market_equity,monthly,vw,-1,3582,729,2016-02-29,0.00651628164609739
usa,market_equity,monthly,vw,-1,3562,727,2016-03-31,0.0206556464012128
usa,market_equity,monthly,vw,-1,3559,720,2016-04-30,0.0380030570449168
usa,market_equity,monthly,vw,-1,3558,705,2016-05-31,-0.00514486802920032
usa,market_equity,monthly,vw,-1,3548,710,2016-06-30,-0.00710912874901521
usa,market_equity,monthly,vw,-1,3538,706,2016-07-31,0.0234495534291062
usa,market_equity,monthly,vw,-1,3538,701,2016-08-31,0.0179418528156769
usa,market_equity,monthly,vw,-1,3530,697,2016-09-30,0.0252110358248541
usa,market_equity,monthly,vw,-1,3522,692,2016-10-31,-0.0383161040818339
usa,market_equity,monthly,vw,-1,3523,700,2016-11-30,0.0737926250664797
usa,market_equity,monthly,vw,-1,3515,695,2016-12-31,0.00786857929334653
usa,market_equity,monthly,vw,-1,3519,687,2017-01-31,-0.0136710179167237
usa,market_equity,monthly,vw,-1,3522,685,2017-02-28,-0.0207638483926964
usa,market_equity,monthly,vw,-1,3502,686,2017-03-31,0.00285621613379815
usa,market_equity,monthly,vw,-1,3498,694,2017-04-30,-0.00267527720559208
usa,market_equity,monthly,vw,-1,3497,700,2017-05-31,-0.0383307212879874
usa,market_equity,monthly,vw,-1,3502,695,2017-06-30,0.0345715211562814
usa,market_equity,monthly,vw,-1,3495,702,2017-07-31,-0.0172955748494872
usa,market_equity,monthly,vw,-1,3488,707,2017-08-31,-0.0207702112534434
usa,market_equity,monthly,vw,-1,3481,707,2017-09-30,0.0528968442506818
usa,market_equity,monthly,vw,-1,3469,704,2017-10-31,-0.0257869301827392
usa,market_equity,monthly,vw,-1,3470,706,2017-11-30,-0.00203826876788705
usa,market_equity,monthly,vw,-1,3476,705,2017-12-31,-0.0065347570890915
usa,market_equity,monthly,vw,-1,3472,695,2018-01-31,-0.0332405720039806
usa,market_equity,monthly,vw,-1,3467,709,2018-02-28,0.00393594055068907
usa,market_equity,monthly,vw,-1,3467,714,2018-03-31,0.0331255880622809
usa,market_equity,monthly,vw,-1,3473,709,2018-04-30,0.010148579852269
usa,market_equity,monthly,vw,-1,3478,701,2018-05-31,0.0397295268969264
usa,market_equity,monthly,vw,-1,3483,708,2018-06-30,0.00938389706319524
usa,market_equity,monthly,vw,-1,3495,714,2018-07-31,-0.026494402101063
usa,market_equity,monthly,vw,-1,3495,719,2018-08-31,0.0127389805938375
usa,market_equity,monthly,vw,-1,3497,722,2018-09-30,-0.0269328625933039
usa,market_equity,monthly,vw,-1,3509,718,2018-10-31,-0.0411545311937677
usa,market_equity,monthly,vw,-1,3514,723,2018-11-30,-0.0167969289564333
usa,market_equity,monthly,vw,-1,3501,726,2018-12-31,-0.0303658725742796
usa,market_equity,monthly,vw,-1,3485,727,2019-01-31,0.0360866083406977
usa,market_equity,monthly,vw,-1,3485,718,2019-02-28,0.0201964314449038
usa,market_equity,monthly,vw,-1,3487,713,2019-03-31,-0.0420454466408991
usa,market_equity,monthly,vw,-1,3468,719,2019-04-30,-0.0172529338116783
usa,market_equity,monthly,vw,-1,3474,720,2019-05-31,-0.0205489315808052
usa,market_equity,monthly,vw,-1,3481,730,2019-06-30,-0.00186268097306344
usa,market_equity,monthly,vw,-1,3492,731,2019-07-31,-0.0229439715350945
usa,market_equity,monthly,vw,-1,3494,734,2019-08-31,-0.0424140347426971
usa,market_equity,monthly,vw,-1,3479,741,2019-09-30,0.00860648910901978
usa,market_equity,monthly,vw,-1,3479,738,2019-10-31,-0.00799863351246783
usa,market_equity,monthly,vw,-1,3469,743,2019-11-30,0.0143693842865124
usa,market_equity,monthly,vw,-1,3465,745,2019-12-31,0.0316731749094323
usa,market_equity,monthly,vw,-1,3456,736,2020-01-31,-0.0490497329983701
usa,market_equity,monthly,vw,-1,3453,744,2020-02-29,-0.00419645051994907
usa,market_equity,monthly,vw,-1,3453,745,2020-03-31,-0.115316985521304
usa,market_equity,monthly,vw,-1,3413,778,2020-04-30,0.0559089573096581
usa,market_equity,monthly,vw,-1,3416,769,2020-05-31,0.0162502196534436
usa,market_equity,monthly,vw,-1,3399,775,2020-06-30,0.0313521918739613
usa,market_equity,monthly,vw,-1,3412,776,2020-07-31,-0.0391436915125208
usa,market_equity,monthly,vw,-1,3428,771,2020-08-31,-0.016182130960137
usa,market_equity,monthly,vw,-1,3453,771,2020-09-30,-0.00387929646965483
usa,market_equity,monthly,vw,-1,3475,785,2020-10-31,0.0374670414172316
usa,market_equity,monthly,vw,-1,3511,801,2020-11-30,0.09083278199248
usa,market_equity,monthly,vw,-1,3562,805,2020-12-31,0.0613539882625515
usa,market_equity,monthly,vw,-1,3608,812,2021-01-31,0.105507966565151
usa,market_equity,monthly,vw,-1,3651,834,2021-02-28,0.0656535477411786
usa,market_equity,monthly,vw,-1,3706,848,2021-03-31,-0.0324671248610646
usa,market_equity,monthly,vw,-1,3823,872,2021-04-30,-0.0436760824920055
usa,market_equity,monthly,vw,-1,3917,912,2021-05-31,0.00438755369480302
usa,market_equity,monthly,vw,-1,3993,918,2021-06-30,-0.00978009762048955
usa,market_equity,monthly,vw,-1,4041,935,2021-07-31,-0.0741009150706773
usa,market_equity,monthly,vw,-1,4128,934,2021-08-31,-0.0085613885340103
usa,market_equity,monthly,vw,-1,4163,940,2021-09-30,0.0200014854189701
usa,market_equity,monthly,vw,-1,4209,945,2021-10-31,-0.0475589755294031
usa,market_equity,monthly,vw,-1,4259,951,2021-11-30,-0.040235904891441
usa,market_equity,monthly,vw,-1,4310,961,2021-12-31,-0.0477954866429686
